-- phpMyAdmin SQL Dump
-- version 5.2.1
-- https://www.phpmyadmin.net/
--
-- Anamakine: 127.0.0.1:3306
-- Üretim Zamanı: 04 Oca 2025, 00:51:37
-- Sunucu sürümü: 9.1.0
-- PHP Sürümü: 8.3.14

SET SQL_MODE = "NO_AUTO_VALUE_ON_ZERO";
START TRANSACTION;
SET time_zone = "+00:00";


/*!40101 SET @OLD_CHARACTER_SET_CLIENT=@@CHARACTER_SET_CLIENT */;
/*!40101 SET @OLD_CHARACTER_SET_RESULTS=@@CHARACTER_SET_RESULTS */;
/*!40101 SET @OLD_COLLATION_CONNECTION=@@COLLATION_CONNECTION */;
/*!40101 SET NAMES utf8mb4 */;

--
-- Veritabanı: `forma_zone`
--

-- --------------------------------------------------------

--
-- Tablo için tablo yapısı `bedenler`
--

DROP TABLE IF EXISTS `bedenler`;
CREATE TABLE IF NOT EXISTS `bedenler` (
  `beden_id` int NOT NULL,
  `beden` varchar(255) CHARACTER SET utf8mb4 COLLATE utf8mb4_turkish_ci NOT NULL,
  PRIMARY KEY (`beden_id`)
) ENGINE=InnoDB DEFAULT CHARSET=utf8mb4 COLLATE=utf8mb4_turkish_ci;

--
-- Tablo döküm verisi `bedenler`
--

INSERT INTO `bedenler` (`beden_id`, `beden`) VALUES
(1, 'XS'),
(2, 'S'),
(3, 'M'),
(4, 'L'),
(5, 'XL'),
(6, 'XXL');

-- --------------------------------------------------------

--
-- Tablo için tablo yapısı `formalar`
--

DROP TABLE IF EXISTS `formalar`;
CREATE TABLE IF NOT EXISTS `formalar` (
  `forma_id` int NOT NULL AUTO_INCREMENT,
  `forma_ad` varchar(255) CHARACTER SET utf8mb4 COLLATE utf8mb4_turkish_ci NOT NULL,
  `takim_id` int NOT NULL,
  `forma_tur_id` int NOT NULL,
  PRIMARY KEY (`forma_id`),
  KEY `takim_id` (`takim_id`),
  KEY `forma_tur_id` (`forma_tur_id`)
) ENGINE=InnoDB AUTO_INCREMENT=86 DEFAULT CHARSET=utf8mb4 COLLATE=utf8mb4_turkish_ci;

--
-- Tablo döküm verisi `formalar`
--

INSERT INTO `formalar` (`forma_id`, `forma_ad`, `takim_id`, `forma_tur_id`) VALUES
(1, 'Beşiktaş iç saha forma', 1, 1),
(2, 'Beşiktaş deplasman forma', 1, 2),
(3, 'Beşiktaş alternatif forma', 1, 3),
(4, 'Galatasaray iç saha forma', 2, 1),
(5, 'Galatasaray deplasman forma', 2, 2),
(6, 'Galatasaray alternatif forma', 2, 3),
(7, 'Fenerbahçe iç saha forma', 3, 1),
(8, 'Fenerbahçe deplasman forma', 3, 2),
(9, 'Fenerbahçe alternatif forma', 3, 3),
(10, 'Bursaspor iç saha forma', 4, 1),
(11, 'Bursaspor deplasman forma', 4, 2),
(12, 'Antalyaspor iç saha forma', 5, 1),
(13, 'Antalyaspor deplasman forma', 5, 2),
(14, 'Samsunspor iç saha forma', 6, 1),
(15, 'Samsunspor deplasman forma', 6, 2),
(16, 'Göztepe iç saha forma', 7, 1),
(17, 'Göztepe deplasman forma', 7, 2),
(18, 'Kocaelispor iç saha forma', 8, 1),
(19, 'Kocaelispor deplasman forma', 8, 2),
(20, 'Trabzonspor iç saha forma', 9, 1),
(21, 'Trabzonspor deplasman forma', 9, 2),
(22, 'Manchester United iç saha forma', 10, 1),
(23, 'Manchester United deplasman forma', 10, 2),
(24, 'Liverpool iç saha forma', 11, 1),
(25, 'Liverpool deplasman forma', 11, 2),
(26, 'Chelsea iç saha forma', 12, 1),
(27, 'Chelsea deplasman forma', 12, 2),
(28, 'Arsenal iç saha forma', 13, 1),
(29, 'Arsenal deplasman forma', 13, 2),
(30, 'Tottenham Hotspur FC iç saha forma', 14, 1),
(31, 'Tottenham Hotspur FC deplasman forma', 14, 2),
(32, 'Manchester City iç saha forma', 15, 1),
(33, 'Manchester City deplasman forma', 15, 2),
(34, 'Real Madrid iç saha forma', 16, 1),
(35, 'Real Madrid deplasman forma', 16, 2),
(36, 'Barcelona iç saha forma', 17, 1),
(37, 'Barcelona deplasman forma', 17, 2),
(38, 'Atletico Madrid iç saha forma', 18, 1),
(39, 'Atletico Madrid deplasman forma', 18, 2),
(40, 'Sevilla iç saha forma', 19, 1),
(41, 'Sevilla deplasman forma', 19, 2),
(42, 'Valencia iç saha forma', 20, 1),
(43, 'Valencia deplasman forma', 20, 2),
(44, 'Bayern Munich iç saha forma', 21, 1),
(45, 'Bayern Munich deplasman forma', 21, 2),
(46, 'Borussia Dortmund iç saha forma', 22, 1),
(47, 'Borussia Dortmund deplasman forma', 22, 2),
(48, 'Borussia Dortmund alternatif forma', 22, 3),
(49, 'RB Leipzig iç saha forma', 23, 1),
(50, 'RB Leipzig deplasman forma', 23, 2),
(51, 'Borussia MGladbach iç saha forma', 24, 1),
(52, 'Borussia MGladbach deplasman forma', 24, 2),
(53, 'Wolfsburg iç saha forma', 25, 1),
(54, 'Wolfsburg deplasman forma', 25, 2),
(55, 'Juventus iç saha forma', 26, 1),
(56, 'Juventus deplasman forma', 26, 2),
(57, 'Inter Milan iç saha forma', 27, 1),
(58, 'Inter Milan deplasman forma', 27, 2),
(59, 'Inter Milan alternatif forma', 27, 3),
(60, 'AC Milan iç saha forma', 28, 1),
(61, 'AC Milan deplasman forma', 28, 2),
(62, 'AS Roma iç saha forma', 29, 1),
(63, 'AS Roma deplasman forma', 29, 2),
(64, 'Napoli iç saha forma', 30, 1),
(65, 'Napoli deplasman forma', 30, 2),
(66, 'Paris Saint Germain iç saha forma', 31, 1),
(67, 'Paris Saint Germain deplasman forma', 31, 2),
(68, 'Olympique Lyonnais iç saha forma', 32, 1),
(69, 'Olympique Lyonnais deplasman forma', 32, 2),
(70, 'Olympique Marseille iç saha forma', 33, 1),
(71, 'Olympique Marseille deplasman forma', 33, 2),
(72, 'Monaco iç saha forma', 34, 1),
(73, 'Monaco deplasman forma', 34, 2),
(74, 'Lille iç saha forma', 35, 1),
(75, 'Lille deplasman forma', 35, 2),
(76, 'FC Porto iç saha forma', 36, 1),
(77, 'FC Porto deplasman forma', 36, 2),
(78, 'Benfica iç saha forma', 37, 1),
(79, 'Benfica deplasman forma', 37, 2),
(80, 'Ajax Amsterdam iç saha forma', 38, 1),
(81, 'Ajax Amsterdam deplasman forma', 38, 2);

-- --------------------------------------------------------

--
-- Tablo için tablo yapısı `forma_tur`
--

DROP TABLE IF EXISTS `forma_tur`;
CREATE TABLE IF NOT EXISTS `forma_tur` (
  `forma_tur_id` int NOT NULL,
  `tur` varchar(255) COLLATE utf8mb4_turkish_ci NOT NULL,
  PRIMARY KEY (`forma_tur_id`)
) ENGINE=InnoDB DEFAULT CHARSET=utf8mb4 COLLATE=utf8mb4_turkish_ci;

--
-- Tablo döküm verisi `forma_tur`
--

INSERT INTO `forma_tur` (`forma_tur_id`, `tur`) VALUES
(1, 'İç saha'),
(2, 'Deplasman'),
(3, 'Alternatif');

-- --------------------------------------------------------

--
-- Tablo için tablo yapısı `iller`
--

DROP TABLE IF EXISTS `iller`;
CREATE TABLE IF NOT EXISTS `iller` (
  `il_id` int NOT NULL,
  `sehir` varchar(255) CHARACTER SET utf8mb4 COLLATE utf8mb4_turkish_ci NOT NULL,
  `nufus` int NOT NULL,
  PRIMARY KEY (`il_id`)
) ENGINE=InnoDB DEFAULT CHARSET=utf8mb4 COLLATE=utf8mb4_turkish_ci;

--
-- Tablo döküm verisi `iller`
--

INSERT INTO `iller` (`il_id`, `sehir`, `nufus`) VALUES
(1, 'İstanbul', 15655924),
(2, 'İzmir', 4479525),
(3, 'Ankara', 5803482),
(4, 'Antalya', 2696249),
(5, 'Kocaeli', 2102907),
(6, 'Manisa', 1475716),
(7, 'Mersin', 1938389),
(8, 'Trabzon', 824352),
(9, 'Samsun', 1377546),
(10, 'Adana', 2270298),
(11, 'Bursa', 3214571),
(12, 'Balıkesir', 1273519);

-- --------------------------------------------------------

--
-- Tablo için tablo yapısı `kullanici`
--

DROP TABLE IF EXISTS `kullanici`;
CREATE TABLE IF NOT EXISTS `kullanici` (
  `kullanici_id` int NOT NULL AUTO_INCREMENT,
  `ad` varchar(255) COLLATE utf8mb4_turkish_ci NOT NULL,
  `soyad` varchar(255) COLLATE utf8mb4_turkish_ci NOT NULL,
  `kullanici_adi` varchar(255) COLLATE utf8mb4_turkish_ci NOT NULL,
  `sifre` varchar(255) COLLATE utf8mb4_turkish_ci NOT NULL,
  PRIMARY KEY (`kullanici_id`),
  UNIQUE KEY `kullanici_adi` (`kullanici_adi`)
) ENGINE=InnoDB AUTO_INCREMENT=2 DEFAULT CHARSET=utf8mb4 COLLATE=utf8mb4_turkish_ci;

--
-- Tablo döküm verisi `kullanici`
--

INSERT INTO `kullanici` (`kullanici_id`, `ad`, `soyad`, `kullanici_adi`, `sifre`) VALUES
(1, 'Abdulkadir', 'Çöpcü', 'kadir', 'kds');

-- --------------------------------------------------------

--
-- Tablo için tablo yapısı `siparisler`
--

DROP TABLE IF EXISTS `siparisler`;
CREATE TABLE IF NOT EXISTS `siparisler` (
  `siparis_id` int NOT NULL,
  `forma_id` int NOT NULL,
  `beden_id` int NOT NULL,
  `il_id` int NOT NULL,
  `sube_id` int DEFAULT NULL,
  `fiyat` int NOT NULL,
  `adet` int NOT NULL,
  `tarih` date NOT NULL,
  PRIMARY KEY (`siparis_id`),
  KEY `forma_id` (`forma_id`),
  KEY `beden_id` (`beden_id`),
  KEY `sube_id` (`sube_id`),
  KEY `il_id` (`il_id`)
) ENGINE=InnoDB DEFAULT CHARSET=utf8mb4 COLLATE=utf8mb4_turkish_ci;

--
-- Tablo döküm verisi `siparisler`
--

INSERT INTO `siparisler` (`siparis_id`, `forma_id`, `beden_id`, `il_id`, `sube_id`, `fiyat`, `adet`, `tarih`) VALUES
(1, 75, 4, 4, 4, 300, 1, '2021-11-01'),
(2, 15, 2, 5, NULL, 1050, 3, '2021-11-01'),
(3, 7, 6, 1, 1, 700, 2, '2021-11-01'),
(4, 68, 1, 11, NULL, 1050, 3, '2021-11-01'),
(5, 77, 1, 6, NULL, 2000, 5, '2021-11-01'),
(6, 69, 1, 2, 2, 350, 1, '2021-11-01'),
(7, 6, 1, 2, 2, 1050, 3, '2021-11-02'),
(8, 20, 5, 7, NULL, 1400, 4, '2021-11-02'),
(9, 62, 6, 1, 1, 1400, 4, '2021-11-02'),
(10, 59, 2, 6, NULL, 1200, 3, '2021-11-02'),
(11, 70, 3, 6, NULL, 350, 1, '2021-11-02'),
(12, 72, 1, 3, 3, 1200, 4, '2021-11-02'),
(13, 9, 1, 5, NULL, 1050, 3, '2021-11-03'),
(14, 11, 6, 7, NULL, 300, 1, '2021-11-03'),
(15, 78, 5, 2, 2, 800, 2, '2021-11-03'),
(16, 71, 1, 5, NULL, 700, 2, '2021-11-03'),
(17, 80, 2, 12, NULL, 800, 2, '2021-11-03'),
(18, 20, 5, 4, 4, 1050, 3, '2021-11-03'),
(19, 17, 4, 4, 4, 1200, 4, '2021-11-03'),
(20, 38, 2, 3, 3, 1050, 3, '2021-11-04'),
(21, 10, 3, 10, NULL, 900, 3, '2021-11-04'),
(22, 42, 1, 10, NULL, 1500, 5, '2021-11-04'),
(23, 24, 6, 5, NULL, 1200, 3, '2021-11-05'),
(24, 31, 6, 5, NULL, 1200, 3, '2021-11-05'),
(25, 68, 4, 3, 3, 1750, 5, '2021-11-05'),
(26, 34, 5, 9, NULL, 2000, 5, '2021-11-06'),
(27, 47, 4, 2, 2, 800, 2, '2021-11-06'),
(28, 8, 2, 11, NULL, 350, 1, '2021-11-06'),
(29, 46, 5, 10, NULL, 2000, 5, '2021-11-06'),
(30, 77, 6, 10, NULL, 800, 2, '2021-11-06'),
(31, 45, 4, 9, NULL, 800, 2, '2021-11-06'),
(32, 67, 6, 11, NULL, 1600, 4, '2021-11-06'),
(33, 24, 3, 2, 2, 1600, 4, '2021-11-07'),
(34, 36, 1, 2, 2, 1600, 4, '2021-11-07'),
(35, 74, 3, 1, 1, 1200, 4, '2021-11-07'),
(36, 65, 1, 10, NULL, 1750, 5, '2021-11-07'),
(37, 47, 6, 10, NULL, 2000, 5, '2021-11-07'),
(38, 47, 6, 4, 4, 400, 1, '2021-11-08'),
(39, 21, 4, 3, 3, 1050, 3, '2021-11-08'),
(40, 21, 4, 10, NULL, 1750, 5, '2021-11-08'),
(41, 66, 6, 10, NULL, 800, 2, '2021-11-08'),
(42, 22, 3, 3, 3, 800, 2, '2021-11-08'),
(43, 41, 4, 1, 1, 300, 1, '2021-11-09'),
(44, 78, 5, 3, 3, 400, 1, '2021-11-09'),
(45, 79, 3, 3, 3, 800, 2, '2021-11-09'),
(46, 77, 6, 3, 3, 800, 2, '2021-11-09'),
(47, 34, 5, 2, 2, 400, 1, '2021-11-09'),
(48, 5, 6, 1, 1, 350, 1, '2021-11-10'),
(49, 7, 3, 12, NULL, 1050, 3, '2021-11-10'),
(50, 40, 6, 2, 2, 300, 1, '2021-11-10'),
(51, 34, 4, 7, NULL, 800, 2, '2021-11-10'),
(52, 47, 2, 12, NULL, 2000, 5, '2021-11-10'),
(53, 28, 6, 2, 2, 400, 1, '2021-11-10'),
(54, 1, 1, 5, NULL, 700, 2, '2021-11-11'),
(55, 22, 6, 2, 2, 2000, 5, '2021-11-11'),
(56, 17, 5, 5, NULL, 600, 2, '2021-11-11'),
(57, 6, 1, 2, 2, 1050, 3, '2021-11-11'),
(58, 70, 2, 11, NULL, 1400, 4, '2021-11-11'),
(59, 75, 1, 1, 1, 300, 1, '2021-11-11'),
(60, 2, 4, 10, NULL, 700, 2, '2021-11-11'),
(61, 70, 6, 4, 4, 1400, 4, '2021-11-12'),
(62, 60, 1, 4, 4, 1600, 4, '2021-11-12'),
(63, 37, 3, 1, 1, 1600, 4, '2021-11-12'),
(64, 41, 2, 3, 3, 300, 1, '2021-11-12'),
(65, 31, 3, 2, 2, 800, 2, '2021-11-13'),
(66, 5, 2, 5, NULL, 350, 1, '2021-11-13'),
(67, 74, 5, 4, 4, 600, 2, '2021-11-13'),
(68, 50, 6, 3, 3, 350, 1, '2021-11-13'),
(69, 30, 3, 4, 4, 1200, 3, '2021-11-14'),
(70, 55, 6, 6, NULL, 1200, 3, '2021-11-14'),
(71, 25, 2, 6, NULL, 800, 2, '2021-11-14'),
(72, 78, 3, 10, NULL, 1600, 4, '2021-11-14'),
(73, 71, 4, 7, NULL, 700, 2, '2021-11-14'),
(74, 65, 3, 3, 3, 350, 1, '2021-11-14'),
(75, 43, 1, 7, NULL, 300, 1, '2021-11-14'),
(76, 30, 5, 7, NULL, 1200, 3, '2021-11-15'),
(77, 74, 5, 12, NULL, 1500, 5, '2021-11-15'),
(78, 54, 4, 1, 1, 1200, 4, '2021-11-15'),
(79, 66, 3, 9, NULL, 800, 2, '2021-11-15'),
(80, 68, 5, 1, 1, 1400, 4, '2021-11-15'),
(81, 73, 2, 11, NULL, 1500, 5, '2021-11-15'),
(82, 77, 2, 3, 3, 2000, 5, '2021-11-15'),
(83, 72, 6, 2, 2, 1200, 4, '2021-11-16'),
(84, 81, 1, 6, NULL, 2000, 5, '2021-11-16'),
(85, 58, 2, 11, NULL, 1600, 4, '2021-11-16'),
(86, 24, 2, 11, NULL, 800, 2, '2021-11-16'),
(87, 14, 6, 7, NULL, 350, 1, '2021-11-17'),
(88, 77, 3, 5, NULL, 400, 1, '2021-11-17'),
(89, 66, 1, 4, 4, 1600, 4, '2021-11-17'),
(90, 39, 2, 6, NULL, 1400, 4, '2021-11-17'),
(91, 26, 4, 12, NULL, 800, 2, '2021-11-18'),
(92, 52, 5, 10, NULL, 1500, 5, '2021-11-18'),
(93, 75, 3, 9, NULL, 1200, 4, '2021-11-18'),
(94, 45, 5, 1, 1, 800, 2, '2021-11-18'),
(95, 15, 2, 8, NULL, 1750, 5, '2021-11-19'),
(96, 56, 6, 10, NULL, 400, 1, '2021-11-19'),
(97, 4, 1, 10, NULL, 1400, 4, '2021-11-19'),
(98, 25, 5, 10, NULL, 800, 2, '2021-11-19'),
(99, 33, 2, 11, NULL, 800, 2, '2021-11-19'),
(100, 41, 6, 9, NULL, 600, 2, '2021-11-19'),
(101, 44, 1, 10, NULL, 1200, 3, '2021-11-19'),
(102, 70, 1, 3, 3, 1400, 4, '2021-11-20'),
(103, 61, 6, 11, NULL, 1200, 3, '2021-11-20'),
(104, 42, 4, 3, 3, 300, 1, '2021-11-20'),
(105, 77, 6, 10, NULL, 1600, 4, '2021-11-20'),
(106, 66, 3, 11, NULL, 400, 1, '2021-11-20'),
(107, 72, 4, 11, NULL, 600, 2, '2021-11-20'),
(108, 20, 4, 5, NULL, 1750, 5, '2021-11-21'),
(109, 17, 4, 6, NULL, 1200, 4, '2021-11-21'),
(110, 29, 5, 11, NULL, 1200, 3, '2021-11-21'),
(111, 62, 6, 4, 4, 1400, 4, '2021-11-21'),
(112, 1, 4, 9, NULL, 1750, 5, '2021-11-22'),
(113, 29, 6, 4, 4, 1200, 3, '2021-11-22'),
(114, 44, 3, 10, NULL, 1200, 3, '2021-11-22'),
(115, 19, 6, 5, NULL, 600, 2, '2021-11-22'),
(116, 1, 4, 1, 1, 1050, 3, '2021-11-22'),
(117, 25, 6, 4, 4, 800, 2, '2021-11-22'),
(118, 48, 1, 9, NULL, 1600, 4, '2021-11-22'),
(119, 70, 1, 2, 2, 1400, 4, '2021-11-23'),
(120, 6, 4, 9, NULL, 700, 2, '2021-11-23'),
(121, 10, 4, 11, NULL, 300, 1, '2021-11-23'),
(122, 56, 1, 2, 2, 1200, 3, '2021-11-23'),
(123, 16, 1, 2, 2, 1500, 5, '2021-11-24'),
(124, 48, 5, 12, NULL, 2000, 5, '2021-11-24'),
(125, 9, 3, 11, NULL, 1400, 4, '2021-11-24'),
(126, 75, 5, 9, NULL, 300, 1, '2021-11-24'),
(127, 24, 4, 7, NULL, 1200, 3, '2021-11-24'),
(128, 40, 4, 10, NULL, 600, 2, '2021-11-25'),
(129, 46, 4, 10, NULL, 1600, 4, '2021-11-25'),
(130, 61, 5, 2, 2, 1200, 3, '2021-11-26'),
(131, 35, 1, 11, NULL, 1200, 3, '2021-11-26'),
(132, 66, 1, 7, NULL, 800, 2, '2021-11-26'),
(133, 32, 5, 3, 3, 400, 1, '2021-11-26'),
(134, 21, 2, 2, 2, 350, 1, '2021-11-26'),
(135, 32, 1, 5, NULL, 2000, 5, '2021-11-26'),
(136, 19, 4, 10, NULL, 1200, 4, '2021-11-26'),
(137, 79, 3, 10, NULL, 2000, 5, '2021-11-27'),
(138, 13, 6, 11, NULL, 600, 2, '2021-11-27'),
(139, 15, 6, 9, NULL, 700, 2, '2021-11-27'),
(140, 53, 3, 5, NULL, 1200, 4, '2021-11-28'),
(141, 57, 3, 5, NULL, 800, 2, '2021-11-28'),
(142, 67, 4, 1, 1, 2000, 5, '2021-11-28'),
(143, 26, 3, 4, 4, 2000, 5, '2021-11-29'),
(144, 21, 4, 10, NULL, 1750, 5, '2021-11-29'),
(145, 62, 6, 4, 4, 700, 2, '2021-11-29'),
(146, 62, 4, 11, NULL, 700, 2, '2021-11-29'),
(147, 74, 4, 12, NULL, 1200, 4, '2021-11-29'),
(148, 5, 5, 7, NULL, 350, 1, '2021-11-30'),
(149, 65, 5, 3, 3, 1050, 3, '2021-11-30'),
(150, 8, 5, 4, 4, 350, 1, '2021-11-30'),
(151, 34, 5, 7, NULL, 400, 1, '2021-11-30'),
(152, 56, 5, 7, NULL, 400, 1, '2021-12-01'),
(153, 81, 5, 3, 3, 1200, 3, '2021-12-01'),
(154, 79, 2, 5, NULL, 2000, 5, '2021-12-01'),
(155, 47, 2, 11, NULL, 1600, 4, '2021-12-01'),
(156, 23, 5, 4, 4, 1600, 4, '2021-12-01'),
(157, 36, 2, 10, NULL, 1600, 4, '2021-12-01'),
(158, 1, 1, 2, 2, 700, 2, '2021-12-02'),
(159, 45, 4, 3, 3, 2000, 5, '2021-12-02'),
(160, 61, 2, 6, NULL, 400, 1, '2021-12-02'),
(161, 20, 1, 3, 3, 1400, 4, '2021-12-02'),
(162, 15, 3, 3, 3, 1050, 3, '2021-12-02'),
(163, 15, 3, 7, NULL, 1750, 5, '2021-12-02'),
(164, 18, 3, 1, 1, 600, 2, '2021-12-03'),
(165, 34, 2, 7, NULL, 2000, 5, '2021-12-03'),
(166, 49, 5, 2, 2, 1050, 3, '2021-12-03'),
(167, 7, 6, 4, 4, 1400, 4, '2021-12-03'),
(168, 77, 2, 5, NULL, 2000, 5, '2021-12-03'),
(169, 54, 4, 2, 2, 900, 3, '2021-12-03'),
(170, 3, 3, 2, 2, 1750, 5, '2021-12-03'),
(171, 55, 2, 3, 3, 1200, 3, '2021-12-04'),
(172, 5, 2, 11, NULL, 700, 2, '2021-12-04'),
(173, 51, 5, 1, 1, 1500, 5, '2021-12-04'),
(174, 69, 1, 4, 4, 350, 1, '2021-12-04'),
(175, 42, 1, 2, 2, 1500, 5, '2021-12-04'),
(176, 40, 2, 11, NULL, 1500, 5, '2021-12-05'),
(177, 32, 1, 1, 1, 1200, 3, '2021-12-05'),
(178, 36, 4, 10, NULL, 2000, 5, '2021-12-05'),
(179, 28, 6, 1, 1, 1200, 3, '2021-12-06'),
(180, 80, 1, 10, NULL, 2000, 5, '2021-12-06'),
(181, 46, 5, 5, NULL, 1600, 4, '2021-12-06'),
(182, 37, 4, 3, 3, 1600, 4, '2021-12-07'),
(183, 7, 5, 4, 4, 350, 1, '2021-12-07'),
(184, 68, 6, 9, NULL, 1400, 4, '2021-12-07'),
(185, 49, 2, 5, NULL, 1750, 5, '2021-12-07'),
(186, 3, 5, 11, NULL, 1050, 3, '2021-12-07'),
(187, 23, 2, 10, NULL, 400, 1, '2021-12-07'),
(188, 26, 6, 5, NULL, 2000, 5, '2021-12-07'),
(189, 9, 6, 11, NULL, 350, 1, '2021-12-08'),
(190, 33, 2, 10, NULL, 400, 1, '2021-12-08'),
(191, 21, 2, 1, 1, 700, 2, '2021-12-09'),
(192, 56, 3, 4, 4, 1200, 3, '2021-12-09'),
(193, 25, 2, 3, 3, 2000, 5, '2021-12-09'),
(194, 42, 2, 11, NULL, 900, 3, '2021-12-09'),
(195, 9, 3, 11, NULL, 700, 2, '2021-12-10'),
(196, 5, 5, 7, NULL, 1750, 5, '2021-12-10'),
(197, 80, 5, 10, NULL, 800, 2, '2021-12-10'),
(198, 53, 2, 11, NULL, 1200, 4, '2021-12-10'),
(199, 18, 2, 3, 3, 900, 3, '2021-12-11'),
(200, 28, 3, 11, NULL, 400, 1, '2021-12-11'),
(201, 17, 6, 2, 2, 300, 1, '2021-12-11'),
(202, 80, 3, 4, 4, 400, 1, '2021-12-11'),
(203, 2, 6, 2, 2, 350, 1, '2021-12-11'),
(204, 69, 6, 1, 1, 350, 1, '2021-12-11'),
(205, 47, 2, 6, NULL, 1200, 3, '2021-12-12'),
(206, 53, 5, 1, 1, 300, 1, '2021-12-12'),
(207, 30, 5, 1, 1, 1200, 3, '2021-12-12'),
(208, 12, 4, 1, 1, 600, 2, '2021-12-12'),
(209, 66, 4, 3, 3, 800, 2, '2021-12-13'),
(210, 78, 2, 11, NULL, 800, 2, '2021-12-13'),
(211, 6, 2, 1, 1, 1400, 4, '2021-12-14'),
(212, 66, 3, 11, NULL, 800, 2, '2021-12-14'),
(213, 10, 2, 6, NULL, 1200, 4, '2021-12-14'),
(214, 73, 4, 3, 3, 900, 3, '2021-12-15'),
(215, 59, 6, 6, NULL, 400, 1, '2021-12-15'),
(216, 78, 1, 4, 4, 1200, 3, '2021-12-15'),
(217, 44, 2, 11, NULL, 1200, 3, '2021-12-16'),
(218, 73, 4, 11, NULL, 600, 2, '2021-12-16'),
(219, 26, 6, 2, 2, 400, 1, '2021-12-16'),
(220, 18, 3, 3, 3, 1200, 4, '2021-12-17'),
(221, 48, 4, 3, 3, 2000, 5, '2021-12-17'),
(222, 67, 4, 11, NULL, 2000, 5, '2021-12-17'),
(223, 24, 1, 3, 3, 1200, 3, '2021-12-17'),
(224, 23, 3, 9, NULL, 1600, 4, '2021-12-17'),
(225, 10, 3, 2, 2, 900, 3, '2021-12-17'),
(226, 4, 5, 4, 4, 700, 2, '2021-12-17'),
(227, 40, 5, 11, NULL, 300, 1, '2021-12-18'),
(228, 68, 2, 11, NULL, 700, 2, '2021-12-18'),
(229, 65, 2, 2, 2, 1750, 5, '2021-12-18'),
(230, 22, 2, 11, NULL, 2000, 5, '2021-12-18'),
(231, 49, 5, 10, NULL, 1400, 4, '2021-12-18'),
(232, 11, 3, 5, NULL, 1200, 4, '2021-12-19'),
(233, 52, 2, 12, NULL, 1200, 4, '2021-12-19'),
(234, 78, 2, 7, NULL, 800, 2, '2021-12-19'),
(235, 49, 2, 7, NULL, 1050, 3, '2021-12-19'),
(236, 39, 3, 3, 3, 1750, 5, '2021-12-19'),
(237, 3, 5, 2, 2, 700, 2, '2021-12-20'),
(238, 24, 6, 8, NULL, 800, 2, '2021-12-20'),
(239, 46, 3, 11, NULL, 1600, 4, '2021-12-20'),
(240, 66, 5, 7, NULL, 2000, 5, '2021-12-20'),
(241, 53, 3, 3, 3, 900, 3, '2021-12-20'),
(242, 56, 1, 6, NULL, 800, 2, '2021-12-21'),
(243, 54, 1, 10, NULL, 600, 2, '2021-12-21'),
(244, 2, 4, 11, NULL, 1750, 5, '2021-12-21'),
(245, 5, 3, 2, 2, 1050, 3, '2021-12-21'),
(246, 12, 5, 11, NULL, 600, 2, '2021-12-21'),
(247, 8, 5, 5, NULL, 350, 1, '2021-12-21'),
(248, 64, 2, 3, 3, 1400, 4, '2021-12-21'),
(249, 34, 3, 4, 4, 1200, 3, '2021-12-22'),
(250, 70, 1, 1, 1, 1750, 5, '2021-12-22'),
(251, 37, 1, 1, 1, 2000, 5, '2021-12-22'),
(252, 26, 4, 11, NULL, 800, 2, '2021-12-22'),
(253, 78, 4, 4, 4, 400, 1, '2021-12-23'),
(254, 61, 4, 2, 2, 2000, 5, '2021-12-23'),
(255, 47, 5, 3, 3, 2000, 5, '2021-12-23'),
(256, 20, 5, 2, 2, 1750, 5, '2021-12-24'),
(257, 1, 5, 5, NULL, 1050, 3, '2021-12-24'),
(258, 48, 5, 3, 3, 2000, 5, '2021-12-25'),
(259, 60, 3, 6, NULL, 2000, 5, '2021-12-25'),
(260, 37, 1, 7, NULL, 800, 2, '2021-12-25'),
(261, 17, 4, 3, 3, 300, 1, '2021-12-25'),
(262, 37, 4, 6, NULL, 2000, 5, '2021-12-25'),
(263, 46, 1, 4, 4, 800, 2, '2021-12-26'),
(264, 67, 3, 6, NULL, 1200, 3, '2021-12-26'),
(265, 73, 2, 3, 3, 1200, 4, '2021-12-26'),
(266, 46, 3, 4, 4, 2000, 5, '2021-12-27'),
(267, 20, 3, 5, NULL, 350, 1, '2021-12-27'),
(268, 30, 6, 8, NULL, 400, 1, '2021-12-27'),
(269, 16, 4, 3, 3, 1200, 4, '2021-12-27'),
(270, 66, 1, 11, NULL, 1600, 4, '2021-12-27'),
(271, 71, 1, 1, 1, 1400, 4, '2021-12-27'),
(272, 81, 6, 2, 2, 1200, 3, '2021-12-28'),
(273, 39, 5, 11, NULL, 1050, 3, '2021-12-28'),
(274, 52, 2, 9, NULL, 1500, 5, '2021-12-28'),
(275, 45, 5, 4, 4, 2000, 5, '2021-12-28'),
(276, 34, 3, 2, 2, 800, 2, '2021-12-28'),
(277, 19, 3, 1, 1, 1200, 4, '2021-12-29'),
(278, 19, 3, 3, 3, 1500, 5, '2021-12-29'),
(279, 34, 3, 2, 2, 400, 1, '2021-12-29'),
(280, 50, 1, 1, 1, 1400, 4, '2021-12-30'),
(281, 71, 5, 6, NULL, 1750, 5, '2021-12-30'),
(282, 31, 1, 10, NULL, 800, 2, '2021-12-30'),
(283, 60, 1, 3, 3, 1200, 3, '2021-12-31'),
(284, 51, 2, 3, 3, 1500, 5, '2021-12-31'),
(285, 66, 1, 1, 1, 800, 2, '2021-12-31'),
(286, 21, 3, 2, 2, 1400, 4, '2021-12-31'),
(287, 80, 6, 1, 1, 2000, 5, '2021-12-31'),
(288, 45, 2, 2, 2, 1600, 4, '2022-01-01'),
(289, 37, 2, 6, NULL, 1600, 4, '2022-01-01'),
(290, 50, 2, 3, 3, 350, 1, '2022-01-01'),
(291, 57, 4, 3, 3, 1600, 4, '2022-01-02'),
(292, 25, 3, 2, 2, 1600, 4, '2022-01-02'),
(293, 77, 4, 11, NULL, 1200, 3, '2022-01-02'),
(294, 4, 1, 11, NULL, 700, 2, '2022-01-02'),
(295, 1, 1, 10, NULL, 1400, 4, '2022-01-02'),
(296, 23, 4, 8, NULL, 1600, 4, '2022-01-03'),
(297, 32, 1, 4, 4, 1600, 4, '2022-01-03'),
(298, 25, 2, 11, NULL, 2000, 5, '2022-01-03'),
(299, 9, 2, 11, NULL, 700, 2, '2022-01-03'),
(300, 59, 6, 3, 3, 800, 2, '2022-01-03'),
(301, 38, 2, 10, NULL, 700, 2, '2022-01-04'),
(302, 44, 3, 7, NULL, 800, 2, '2022-01-04'),
(303, 73, 3, 10, NULL, 1500, 5, '2022-01-04'),
(304, 64, 2, 11, NULL, 1050, 3, '2022-01-04'),
(305, 60, 1, 7, NULL, 800, 2, '2022-01-04'),
(306, 51, 1, 1, 1, 600, 2, '2022-01-04'),
(307, 42, 1, 11, NULL, 300, 1, '2022-01-05'),
(308, 61, 4, 3, 3, 1600, 4, '2022-01-05'),
(309, 42, 6, 5, NULL, 900, 3, '2022-01-05'),
(310, 43, 3, 10, NULL, 1500, 5, '2022-01-05'),
(311, 18, 2, 3, 3, 900, 3, '2022-01-06'),
(312, 20, 2, 10, NULL, 350, 1, '2022-01-06'),
(313, 81, 5, 2, 2, 2000, 5, '2022-01-06'),
(314, 14, 5, 10, NULL, 1400, 4, '2022-01-06'),
(315, 6, 5, 8, NULL, 700, 2, '2022-01-06'),
(316, 48, 6, 3, 3, 1200, 3, '2022-01-06'),
(317, 23, 3, 11, NULL, 1600, 4, '2022-01-07'),
(318, 76, 6, 11, NULL, 2000, 5, '2022-01-07'),
(319, 81, 1, 10, NULL, 1200, 3, '2022-01-07'),
(320, 53, 4, 3, 3, 1500, 5, '2022-01-07'),
(321, 59, 3, 9, NULL, 2000, 5, '2022-01-07'),
(322, 71, 6, 2, 2, 1400, 4, '2022-01-07'),
(323, 17, 2, 2, 2, 300, 1, '2022-01-08'),
(324, 80, 2, 4, 4, 800, 2, '2022-01-08'),
(325, 75, 4, 1, 1, 1200, 4, '2022-01-08'),
(326, 28, 2, 2, 2, 1600, 4, '2022-01-08'),
(327, 25, 6, 2, 2, 800, 2, '2022-01-09'),
(328, 40, 5, 10, NULL, 300, 1, '2022-01-09'),
(329, 48, 3, 7, NULL, 1200, 3, '2022-01-09'),
(330, 3, 4, 11, NULL, 1400, 4, '2022-01-09'),
(331, 77, 5, 1, 1, 1200, 3, '2022-01-09'),
(332, 41, 2, 4, 4, 900, 3, '2022-01-10'),
(333, 71, 1, 4, 4, 1750, 5, '2022-01-10'),
(334, 59, 2, 2, 2, 1200, 3, '2022-01-10'),
(335, 2, 1, 1, 1, 1050, 3, '2022-01-10'),
(336, 44, 5, 5, NULL, 400, 1, '2022-01-10'),
(337, 46, 1, 3, 3, 1200, 3, '2022-01-11'),
(338, 76, 1, 11, NULL, 400, 1, '2022-01-11'),
(339, 29, 6, 12, NULL, 2000, 5, '2022-01-11'),
(340, 18, 6, 1, 1, 300, 1, '2022-01-11'),
(341, 52, 5, 1, 1, 1500, 5, '2022-01-12'),
(342, 33, 4, 1, 1, 1200, 3, '2022-01-12'),
(343, 62, 1, 3, 3, 700, 2, '2022-01-12'),
(344, 43, 1, 10, NULL, 300, 1, '2022-01-12'),
(345, 1, 1, 3, 3, 700, 2, '2022-01-13'),
(346, 14, 5, 11, NULL, 1750, 5, '2022-01-13'),
(347, 15, 3, 10, NULL, 700, 2, '2022-01-13'),
(348, 66, 1, 4, 4, 1200, 3, '2022-01-13'),
(349, 61, 5, 11, NULL, 800, 2, '2022-01-14'),
(350, 36, 6, 3, 3, 1200, 3, '2022-01-14'),
(351, 55, 6, 4, 4, 2000, 5, '2022-01-14'),
(352, 33, 1, 9, NULL, 1600, 4, '2022-01-15'),
(353, 10, 1, 2, 2, 1500, 5, '2022-01-15'),
(354, 5, 3, 12, NULL, 700, 2, '2022-01-15'),
(355, 26, 3, 3, 3, 2000, 5, '2022-01-16'),
(356, 14, 2, 9, NULL, 1750, 5, '2022-01-16'),
(357, 56, 4, 11, NULL, 2000, 5, '2022-01-16'),
(358, 50, 4, 7, NULL, 700, 2, '2022-01-16'),
(359, 53, 4, 4, 4, 900, 3, '2022-01-17'),
(360, 15, 1, 1, 1, 700, 2, '2022-01-17'),
(361, 20, 6, 12, NULL, 350, 1, '2022-01-17'),
(362, 55, 4, 2, 2, 400, 1, '2022-01-17'),
(363, 61, 6, 5, NULL, 800, 2, '2022-01-17'),
(364, 80, 5, 4, 4, 800, 2, '2022-01-17'),
(365, 68, 6, 3, 3, 350, 1, '2022-01-18'),
(366, 4, 5, 2, 2, 1400, 4, '2022-01-18'),
(367, 59, 3, 3, 3, 1200, 3, '2022-01-18'),
(368, 75, 1, 1, 1, 600, 2, '2022-01-18'),
(369, 63, 2, 11, NULL, 350, 1, '2022-01-18'),
(370, 39, 2, 10, NULL, 1050, 3, '2022-01-18'),
(371, 68, 2, 3, 3, 1400, 4, '2022-01-19'),
(372, 3, 5, 4, 4, 1400, 4, '2022-01-19'),
(373, 2, 6, 11, NULL, 1750, 5, '2022-01-19'),
(374, 7, 5, 2, 2, 1750, 5, '2022-01-19'),
(375, 23, 4, 4, 4, 1200, 3, '2022-01-19'),
(376, 66, 4, 1, 1, 1200, 3, '2022-01-19'),
(377, 22, 3, 1, 1, 1600, 4, '2022-01-20'),
(378, 23, 2, 3, 3, 1600, 4, '2022-01-20'),
(379, 31, 4, 7, NULL, 400, 1, '2022-01-20'),
(380, 32, 5, 3, 3, 1600, 4, '2022-01-20'),
(381, 55, 5, 3, 3, 1600, 4, '2022-01-21'),
(382, 46, 5, 11, NULL, 400, 1, '2022-01-21'),
(383, 53, 5, 4, 4, 900, 3, '2022-01-21'),
(384, 14, 5, 1, 1, 700, 2, '2022-01-21'),
(385, 4, 6, 10, NULL, 350, 1, '2022-01-22'),
(386, 80, 4, 10, NULL, 800, 2, '2022-01-22'),
(387, 21, 4, 3, 3, 1050, 3, '2022-01-22'),
(388, 11, 1, 4, 4, 600, 2, '2022-01-22'),
(389, 47, 1, 3, 3, 2000, 5, '2022-01-22'),
(390, 9, 3, 10, NULL, 700, 2, '2022-01-23'),
(391, 39, 6, 5, NULL, 700, 2, '2022-01-23'),
(392, 4, 4, 10, NULL, 1050, 3, '2022-01-23'),
(393, 43, 4, 1, 1, 1500, 5, '2022-01-23'),
(394, 12, 4, 5, NULL, 900, 3, '2022-01-23'),
(395, 52, 6, 1, 1, 300, 1, '2022-01-23'),
(396, 38, 1, 1, 1, 700, 2, '2022-01-23'),
(397, 78, 4, 1, 1, 400, 1, '2022-01-24'),
(398, 81, 3, 3, 3, 1200, 3, '2022-01-24'),
(399, 1, 5, 1, 1, 1750, 5, '2022-01-24'),
(400, 18, 5, 12, NULL, 300, 1, '2022-01-24'),
(401, 42, 5, 10, NULL, 1500, 5, '2022-01-25'),
(402, 40, 4, 1, 1, 1200, 4, '2022-01-25'),
(403, 47, 3, 3, 3, 1200, 3, '2022-01-25'),
(404, 79, 4, 3, 3, 1200, 3, '2022-01-25'),
(405, 18, 5, 11, NULL, 1200, 4, '2022-01-26'),
(406, 42, 3, 11, NULL, 600, 2, '2022-01-26'),
(407, 68, 1, 4, 4, 1050, 3, '2022-01-26'),
(408, 28, 5, 3, 3, 400, 1, '2022-01-26'),
(409, 79, 3, 4, 4, 1600, 4, '2022-01-27'),
(410, 11, 1, 3, 3, 600, 2, '2022-01-27'),
(411, 52, 1, 3, 3, 300, 1, '2022-01-27'),
(412, 61, 1, 2, 2, 2000, 5, '2022-01-28'),
(413, 78, 5, 3, 3, 2000, 5, '2022-01-28'),
(414, 7, 5, 7, NULL, 1750, 5, '2022-01-28'),
(415, 53, 4, 6, NULL, 900, 3, '2022-01-28'),
(416, 78, 3, 11, NULL, 1200, 3, '2022-01-28'),
(417, 51, 6, 4, 4, 1500, 5, '2022-01-29'),
(418, 25, 5, 12, NULL, 400, 1, '2022-01-29'),
(419, 29, 3, 1, 1, 400, 1, '2022-01-29'),
(420, 25, 5, 9, NULL, 1600, 4, '2022-01-29'),
(421, 63, 6, 4, 4, 350, 1, '2022-01-30'),
(422, 24, 2, 2, 2, 2000, 5, '2022-01-30'),
(423, 51, 6, 1, 1, 1500, 5, '2022-01-30'),
(424, 64, 1, 1, 1, 1750, 5, '2022-01-30'),
(425, 33, 2, 1, 1, 1200, 3, '2022-01-31'),
(426, 28, 1, 6, NULL, 2000, 5, '2022-01-31'),
(427, 25, 4, 4, 4, 800, 2, '2022-01-31'),
(428, 66, 2, 5, NULL, 800, 2, '2022-01-31'),
(429, 62, 3, 10, NULL, 1400, 4, '2022-01-31'),
(430, 72, 5, 10, NULL, 1200, 4, '2022-02-01'),
(431, 5, 4, 5, NULL, 1750, 5, '2022-02-01'),
(432, 42, 5, 3, 3, 300, 1, '2022-02-01'),
(433, 5, 5, 6, NULL, 1050, 3, '2022-02-02'),
(434, 30, 5, 5, NULL, 1600, 4, '2022-02-02'),
(435, 48, 4, 11, NULL, 1600, 4, '2022-02-02'),
(436, 48, 2, 4, 4, 1200, 3, '2022-02-03'),
(437, 38, 5, 8, NULL, 1400, 4, '2022-02-03'),
(438, 1, 2, 3, 3, 1750, 5, '2022-02-03'),
(439, 26, 4, 8, NULL, 400, 1, '2022-02-04'),
(440, 3, 3, 2, 2, 700, 2, '2022-02-04'),
(441, 4, 2, 4, 4, 350, 1, '2022-02-04'),
(442, 15, 3, 6, NULL, 1050, 3, '2022-02-05'),
(443, 14, 3, 1, 1, 1050, 3, '2022-02-05'),
(444, 56, 3, 4, 4, 1200, 3, '2022-02-05'),
(445, 40, 4, 11, NULL, 900, 3, '2022-02-05'),
(446, 78, 6, 10, NULL, 400, 1, '2022-02-05'),
(447, 72, 2, 5, NULL, 1500, 5, '2022-02-06'),
(448, 63, 6, 4, 4, 1050, 3, '2022-02-06'),
(449, 46, 2, 6, NULL, 1600, 4, '2022-02-06'),
(450, 11, 2, 10, NULL, 300, 1, '2022-02-06'),
(451, 20, 3, 11, NULL, 1050, 3, '2022-02-06'),
(452, 72, 3, 2, 2, 1200, 4, '2022-02-06'),
(453, 80, 1, 4, 4, 400, 1, '2022-02-07'),
(454, 28, 1, 1, 1, 400, 1, '2022-02-07'),
(455, 2, 5, 4, 4, 1050, 3, '2022-02-07'),
(456, 28, 5, 9, NULL, 400, 1, '2022-02-07'),
(457, 20, 1, 3, 3, 350, 1, '2022-02-07'),
(458, 10, 4, 10, NULL, 300, 1, '2022-02-08'),
(459, 3, 2, 6, NULL, 1400, 4, '2022-02-08'),
(460, 69, 6, 1, 1, 1050, 3, '2022-02-08'),
(461, 40, 6, 2, 2, 900, 3, '2022-02-09'),
(462, 32, 2, 10, NULL, 1200, 3, '2022-02-09'),
(463, 79, 1, 6, NULL, 800, 2, '2022-02-09'),
(464, 27, 1, 3, 3, 1600, 4, '2022-02-09'),
(465, 4, 2, 1, 1, 1400, 4, '2022-02-09'),
(466, 22, 2, 7, NULL, 800, 2, '2022-02-09'),
(467, 55, 4, 6, NULL, 1200, 3, '2022-02-09'),
(468, 15, 1, 12, NULL, 1750, 5, '2022-02-10'),
(469, 6, 4, 1, 1, 350, 1, '2022-02-10'),
(470, 31, 1, 3, 3, 800, 2, '2022-02-10'),
(471, 74, 6, 5, NULL, 900, 3, '2022-02-10'),
(472, 34, 6, 5, NULL, 1600, 4, '2022-02-11'),
(473, 27, 4, 5, NULL, 2000, 5, '2022-02-11'),
(474, 9, 5, 4, 4, 700, 2, '2022-02-11'),
(475, 24, 6, 11, NULL, 800, 2, '2022-02-11'),
(476, 13, 3, 10, NULL, 900, 3, '2022-02-11'),
(477, 13, 2, 2, 2, 300, 1, '2022-02-12'),
(478, 4, 5, 11, NULL, 350, 1, '2022-02-12'),
(479, 79, 4, 7, NULL, 800, 2, '2022-02-12'),
(480, 34, 1, 10, NULL, 800, 2, '2022-02-12'),
(481, 79, 6, 11, NULL, 1600, 4, '2022-02-12'),
(482, 1, 2, 7, NULL, 1050, 3, '2022-02-12'),
(483, 68, 6, 11, NULL, 1050, 3, '2022-02-12'),
(484, 70, 5, 3, 3, 1400, 4, '2022-02-13'),
(485, 36, 3, 4, 4, 800, 2, '2022-02-13'),
(486, 25, 4, 4, 4, 800, 2, '2022-02-13'),
(487, 66, 4, 11, NULL, 2000, 5, '2022-02-13'),
(488, 65, 2, 1, 1, 350, 1, '2022-02-14'),
(489, 23, 4, 3, 3, 800, 2, '2022-02-14'),
(490, 5, 2, 11, NULL, 700, 2, '2022-02-14'),
(491, 30, 6, 8, NULL, 400, 1, '2022-02-14'),
(492, 13, 2, 3, 3, 600, 2, '2022-02-14'),
(493, 61, 3, 10, NULL, 400, 1, '2022-02-14'),
(494, 6, 4, 4, 4, 1400, 4, '2022-02-15'),
(495, 42, 4, 5, NULL, 1500, 5, '2022-02-15'),
(496, 49, 4, 3, 3, 1400, 4, '2022-02-15'),
(497, 22, 2, 11, NULL, 2000, 5, '2022-02-16'),
(498, 43, 6, 4, 4, 600, 2, '2022-02-16'),
(499, 59, 6, 4, 4, 800, 2, '2022-02-16'),
(500, 51, 2, 8, NULL, 1200, 4, '2022-02-16'),
(501, 22, 2, 1, 1, 800, 2, '2022-02-16'),
(502, 56, 5, 7, NULL, 400, 1, '2022-02-16'),
(503, 14, 5, 5, NULL, 1400, 4, '2022-02-17'),
(504, 64, 4, 4, 4, 1400, 4, '2022-02-17'),
(505, 9, 3, 3, 3, 1400, 4, '2022-02-17'),
(506, 46, 1, 3, 3, 800, 2, '2022-02-18'),
(507, 65, 5, 6, NULL, 350, 1, '2022-02-18'),
(508, 55, 4, 3, 3, 1600, 4, '2022-02-18'),
(509, 45, 4, 3, 3, 2000, 5, '2022-02-18'),
(510, 26, 1, 8, NULL, 1600, 4, '2022-02-18'),
(511, 41, 6, 1, 1, 1200, 4, '2022-02-18'),
(512, 58, 3, 3, 3, 800, 2, '2022-02-19'),
(513, 21, 4, 12, NULL, 1750, 5, '2022-02-19'),
(514, 74, 5, 8, NULL, 900, 3, '2022-02-19'),
(515, 35, 4, 4, 4, 400, 1, '2022-02-19'),
(516, 3, 2, 1, 1, 700, 2, '2022-02-20'),
(517, 79, 4, 3, 3, 2000, 5, '2022-02-20'),
(518, 40, 1, 10, NULL, 300, 1, '2022-02-20'),
(519, 17, 4, 4, 4, 1200, 4, '2022-02-20'),
(520, 50, 6, 6, NULL, 1050, 3, '2022-02-20'),
(521, 51, 3, 2, 2, 1500, 5, '2022-02-20'),
(522, 74, 5, 5, NULL, 900, 3, '2022-02-20'),
(523, 51, 4, 12, NULL, 1200, 4, '2022-02-21'),
(524, 81, 6, 1, 1, 1600, 4, '2022-02-21'),
(525, 30, 5, 10, NULL, 400, 1, '2022-02-21'),
(526, 72, 4, 11, NULL, 1500, 5, '2022-02-21'),
(527, 80, 4, 2, 2, 800, 2, '2022-02-21'),
(528, 76, 3, 3, 3, 800, 2, '2022-02-21'),
(529, 33, 1, 1, 1, 1600, 4, '2022-02-22'),
(530, 9, 1, 12, NULL, 700, 2, '2022-02-22'),
(531, 68, 3, 2, 2, 1050, 3, '2022-02-22'),
(532, 31, 1, 4, 4, 400, 1, '2022-02-22'),
(533, 5, 5, 4, 4, 1750, 5, '2022-02-23'),
(534, 25, 6, 3, 3, 1600, 4, '2022-02-23'),
(535, 37, 2, 12, NULL, 400, 1, '2022-02-23'),
(536, 56, 3, 5, NULL, 1600, 4, '2022-02-23'),
(537, 43, 2, 1, 1, 1500, 5, '2022-02-23'),
(538, 55, 2, 2, 2, 800, 2, '2022-02-24'),
(539, 27, 6, 11, NULL, 400, 1, '2022-02-24'),
(540, 25, 3, 7, NULL, 800, 2, '2022-02-24'),
(541, 34, 3, 9, NULL, 400, 1, '2022-02-24'),
(542, 48, 1, 2, 2, 2000, 5, '2022-02-24'),
(543, 63, 2, 9, NULL, 1750, 5, '2022-02-24'),
(544, 77, 4, 10, NULL, 1200, 3, '2022-02-24'),
(545, 21, 2, 3, 3, 700, 2, '2022-02-25'),
(546, 3, 6, 2, 2, 1750, 5, '2022-02-25'),
(547, 32, 2, 6, NULL, 2000, 5, '2022-02-25'),
(548, 39, 1, 2, 2, 1400, 4, '2022-02-25'),
(549, 70, 6, 2, 2, 1400, 4, '2022-02-26'),
(550, 70, 2, 1, 1, 1400, 4, '2022-02-26'),
(551, 24, 6, 1, 1, 1600, 4, '2022-02-26'),
(552, 77, 6, 10, NULL, 2000, 5, '2022-02-26'),
(553, 20, 1, 11, NULL, 350, 1, '2022-02-27'),
(554, 14, 6, 1, 1, 1050, 3, '2022-02-27'),
(555, 17, 1, 11, NULL, 300, 1, '2022-02-27'),
(556, 70, 4, 10, NULL, 700, 2, '2022-02-27'),
(557, 61, 6, 10, NULL, 1200, 3, '2022-02-27'),
(558, 4, 4, 10, NULL, 1050, 3, '2022-02-28'),
(559, 19, 5, 1, 1, 1200, 4, '2022-02-28'),
(560, 77, 2, 1, 1, 800, 2, '2022-02-28'),
(561, 15, 6, 4, 4, 350, 1, '2022-02-28'),
(562, 71, 3, 3, 3, 1400, 4, '2022-03-01'),
(563, 71, 6, 4, 4, 1400, 4, '2022-03-01'),
(564, 24, 1, 6, NULL, 800, 2, '2022-03-01'),
(565, 20, 6, 5, NULL, 1400, 4, '2022-03-01'),
(566, 66, 6, 11, NULL, 400, 1, '2022-03-01'),
(567, 9, 1, 4, 4, 700, 2, '2022-03-01'),
(568, 73, 1, 4, 4, 600, 2, '2022-03-02'),
(569, 18, 3, 11, NULL, 900, 3, '2022-03-02'),
(570, 44, 4, 2, 2, 800, 2, '2022-03-02'),
(571, 73, 2, 6, NULL, 900, 3, '2022-03-03'),
(572, 30, 1, 1, 1, 1600, 4, '2022-03-03'),
(573, 46, 4, 3, 3, 1200, 3, '2022-03-03'),
(574, 10, 1, 10, NULL, 300, 1, '2022-03-03'),
(575, 56, 4, 8, NULL, 1200, 3, '2022-03-03'),
(576, 78, 5, 10, NULL, 400, 1, '2022-03-03'),
(577, 72, 4, 11, NULL, 1500, 5, '2022-03-04'),
(578, 70, 4, 11, NULL, 1400, 4, '2022-03-04'),
(579, 58, 5, 1, 1, 400, 1, '2022-03-04'),
(580, 52, 6, 11, NULL, 900, 3, '2022-03-05'),
(581, 59, 4, 2, 2, 400, 1, '2022-03-05'),
(582, 11, 5, 11, NULL, 1500, 5, '2022-03-05'),
(583, 60, 5, 11, NULL, 400, 1, '2022-03-06'),
(584, 53, 1, 3, 3, 300, 1, '2022-03-06'),
(585, 5, 3, 9, NULL, 1400, 4, '2022-03-06'),
(586, 56, 2, 2, 2, 1600, 4, '2022-03-07'),
(587, 58, 6, 11, NULL, 400, 1, '2022-03-07'),
(588, 63, 3, 6, NULL, 1050, 3, '2022-03-08'),
(589, 45, 6, 11, NULL, 2000, 5, '2022-03-08'),
(590, 17, 4, 12, NULL, 1500, 5, '2022-03-08'),
(591, 65, 1, 7, NULL, 350, 1, '2022-03-08'),
(592, 44, 2, 11, NULL, 400, 1, '2022-03-08'),
(593, 6, 4, 3, 3, 1050, 3, '2022-03-08'),
(594, 44, 6, 1, 1, 400, 1, '2022-03-09'),
(595, 41, 2, 11, NULL, 900, 3, '2022-03-09'),
(596, 40, 4, 1, 1, 600, 2, '2022-03-09'),
(597, 19, 1, 3, 3, 600, 2, '2022-03-09'),
(598, 19, 3, 6, NULL, 1500, 5, '2022-03-09'),
(599, 52, 3, 11, NULL, 600, 2, '2022-03-09'),
(600, 54, 1, 10, NULL, 1500, 5, '2022-03-10'),
(601, 4, 5, 11, NULL, 350, 1, '2022-03-10'),
(602, 39, 6, 3, 3, 1750, 5, '2022-03-10'),
(603, 48, 2, 6, NULL, 800, 2, '2022-03-11'),
(604, 1, 6, 2, 2, 1400, 4, '2022-03-11'),
(605, 7, 5, 4, 4, 700, 2, '2022-03-11'),
(606, 14, 1, 4, 4, 1050, 3, '2022-03-11'),
(607, 74, 2, 1, 1, 1500, 5, '2022-03-11'),
(608, 44, 2, 11, NULL, 1200, 3, '2022-03-11'),
(609, 66, 5, 11, NULL, 1600, 4, '2022-03-12'),
(610, 16, 5, 3, 3, 300, 1, '2022-03-12'),
(611, 3, 1, 1, 1, 1750, 5, '2022-03-12'),
(612, 49, 3, 2, 2, 1400, 4, '2022-03-12'),
(613, 30, 3, 2, 2, 1200, 3, '2022-03-13'),
(614, 81, 1, 10, NULL, 2000, 5, '2022-03-13'),
(615, 50, 3, 2, 2, 700, 2, '2022-03-13'),
(616, 25, 6, 7, NULL, 2000, 5, '2022-03-14'),
(617, 45, 1, 2, 2, 1200, 3, '2022-03-14'),
(618, 25, 1, 11, NULL, 2000, 5, '2022-03-14'),
(619, 49, 5, 1, 1, 1050, 3, '2022-03-14'),
(620, 34, 4, 7, NULL, 2000, 5, '2022-03-15'),
(621, 80, 5, 2, 2, 1200, 3, '2022-03-15'),
(622, 52, 6, 6, NULL, 1500, 5, '2022-03-15'),
(623, 73, 2, 6, NULL, 600, 2, '2022-03-15'),
(624, 68, 5, 11, NULL, 1750, 5, '2022-03-16'),
(625, 79, 1, 10, NULL, 800, 2, '2022-03-16'),
(626, 62, 3, 10, NULL, 350, 1, '2022-03-16'),
(627, 78, 4, 5, NULL, 1200, 3, '2022-03-16'),
(628, 10, 4, 3, 3, 1200, 4, '2022-03-16'),
(629, 48, 5, 3, 3, 800, 2, '2022-03-16'),
(630, 21, 4, 5, NULL, 350, 1, '2022-03-16'),
(631, 18, 2, 4, 4, 300, 1, '2022-03-17'),
(632, 59, 3, 11, NULL, 1200, 3, '2022-03-17'),
(633, 17, 4, 1, 1, 900, 3, '2022-03-17'),
(634, 51, 2, 11, NULL, 1500, 5, '2022-03-17'),
(635, 66, 2, 11, NULL, 400, 1, '2022-03-17'),
(636, 55, 4, 7, NULL, 400, 1, '2022-03-17'),
(637, 10, 4, 10, NULL, 900, 3, '2022-03-17'),
(638, 54, 5, 11, NULL, 300, 1, '2022-03-18'),
(639, 24, 1, 3, 3, 400, 1, '2022-03-18'),
(640, 6, 2, 2, 2, 350, 1, '2022-03-18'),
(641, 1, 1, 11, NULL, 1750, 5, '2022-03-18'),
(642, 39, 4, 2, 2, 1750, 5, '2022-03-18'),
(643, 61, 3, 2, 2, 2000, 5, '2022-03-18'),
(644, 20, 1, 9, NULL, 350, 1, '2022-03-18'),
(645, 5, 6, 9, NULL, 1750, 5, '2022-03-19'),
(646, 77, 6, 3, 3, 1200, 3, '2022-03-19'),
(647, 43, 4, 1, 1, 900, 3, '2022-03-19'),
(648, 75, 4, 6, NULL, 600, 2, '2022-03-19'),
(649, 54, 5, 1, 1, 1200, 4, '2022-03-19'),
(650, 32, 5, 1, 1, 1600, 4, '2022-03-19'),
(651, 20, 5, 2, 2, 1400, 4, '2022-03-20'),
(652, 67, 1, 3, 3, 400, 1, '2022-03-20'),
(653, 69, 1, 2, 2, 700, 2, '2022-03-20'),
(654, 7, 4, 8, NULL, 1050, 3, '2022-03-20'),
(655, 18, 3, 1, 1, 600, 2, '2022-03-20'),
(656, 74, 6, 2, 2, 1200, 4, '2022-03-20'),
(657, 79, 3, 11, NULL, 2000, 5, '2022-03-20'),
(658, 31, 3, 2, 2, 2000, 5, '2022-03-21'),
(659, 9, 4, 12, NULL, 350, 1, '2022-03-21'),
(660, 3, 6, 6, NULL, 700, 2, '2022-03-21'),
(661, 68, 1, 3, 3, 1750, 5, '2022-03-21'),
(662, 81, 3, 6, NULL, 400, 1, '2022-03-22'),
(663, 12, 6, 5, NULL, 900, 3, '2022-03-22'),
(664, 3, 1, 4, 4, 1050, 3, '2022-03-22'),
(665, 36, 2, 2, 2, 2000, 5, '2022-03-22'),
(666, 70, 1, 11, NULL, 1050, 3, '2022-03-22'),
(667, 65, 1, 3, 3, 1050, 3, '2022-03-23'),
(668, 72, 2, 1, 1, 600, 2, '2022-03-23'),
(669, 8, 2, 4, 4, 1400, 4, '2022-03-23'),
(670, 17, 5, 10, NULL, 1500, 5, '2022-03-23'),
(671, 14, 5, 5, NULL, 1050, 3, '2022-03-23'),
(672, 10, 1, 10, NULL, 300, 1, '2022-03-23'),
(673, 61, 2, 11, NULL, 1600, 4, '2022-03-24'),
(674, 28, 1, 3, 3, 1200, 3, '2022-03-24'),
(675, 58, 4, 4, 4, 1600, 4, '2022-03-24'),
(676, 60, 1, 5, NULL, 400, 1, '2022-03-24'),
(677, 80, 4, 4, 4, 1600, 4, '2022-03-24'),
(678, 74, 4, 3, 3, 900, 3, '2022-03-25'),
(679, 44, 4, 6, NULL, 400, 1, '2022-03-25'),
(680, 5, 2, 2, 2, 350, 1, '2022-03-25'),
(681, 74, 3, 3, 3, 300, 1, '2022-03-25'),
(682, 56, 1, 1, 1, 2000, 5, '2022-03-25'),
(683, 32, 6, 5, NULL, 1200, 3, '2022-03-25'),
(684, 70, 3, 1, 1, 1050, 3, '2022-03-25'),
(685, 29, 1, 9, NULL, 1600, 4, '2022-03-26'),
(686, 35, 6, 1, 1, 400, 1, '2022-03-26'),
(687, 17, 5, 1, 1, 300, 1, '2022-03-26'),
(688, 5, 2, 2, 2, 1400, 4, '2022-03-26'),
(689, 54, 3, 4, 4, 600, 2, '2022-03-26'),
(690, 55, 4, 3, 3, 800, 2, '2022-03-26'),
(691, 78, 3, 12, NULL, 400, 1, '2022-03-27'),
(692, 64, 5, 7, NULL, 1750, 5, '2022-03-27'),
(693, 18, 2, 10, NULL, 1200, 4, '2022-03-27'),
(694, 76, 4, 7, NULL, 800, 2, '2022-03-28'),
(695, 73, 5, 12, NULL, 1500, 5, '2022-03-28'),
(696, 77, 3, 12, NULL, 1600, 4, '2022-03-28'),
(697, 75, 3, 11, NULL, 300, 1, '2022-03-28'),
(698, 71, 4, 9, NULL, 700, 2, '2022-03-29'),
(699, 22, 5, 5, NULL, 1200, 3, '2022-03-29'),
(700, 45, 2, 5, NULL, 800, 2, '2022-03-29'),
(701, 47, 4, 10, NULL, 1200, 3, '2022-03-30'),
(702, 54, 1, 10, NULL, 900, 3, '2022-03-30'),
(703, 53, 2, 4, 4, 300, 1, '2022-03-30'),
(704, 42, 6, 11, NULL, 1200, 4, '2022-03-30'),
(705, 52, 6, 4, 4, 300, 1, '2022-03-30'),
(706, 18, 3, 4, 4, 300, 1, '2022-03-30'),
(707, 67, 1, 3, 3, 800, 2, '2022-03-30'),
(708, 31, 3, 4, 4, 1200, 3, '2022-03-31'),
(709, 59, 5, 1, 1, 2000, 5, '2022-03-31'),
(710, 13, 4, 7, NULL, 1200, 4, '2022-03-31'),
(711, 6, 3, 10, NULL, 1400, 4, '2022-03-31'),
(712, 48, 3, 1, 1, 400, 1, '2022-03-31'),
(713, 29, 2, 6, NULL, 1600, 4, '2022-04-01'),
(714, 9, 3, 2, 2, 350, 1, '2022-04-01'),
(715, 50, 4, 4, 4, 350, 1, '2022-04-01'),
(716, 40, 6, 10, NULL, 600, 2, '2022-04-02'),
(717, 1, 5, 8, NULL, 1050, 3, '2022-04-02'),
(718, 60, 4, 7, NULL, 800, 2, '2022-04-02'),
(719, 75, 6, 6, NULL, 1500, 5, '2022-04-02'),
(720, 72, 5, 7, NULL, 300, 1, '2022-04-03'),
(721, 58, 2, 10, NULL, 1600, 4, '2022-04-03'),
(722, 50, 6, 6, NULL, 1050, 3, '2022-04-03'),
(723, 80, 2, 1, 1, 2000, 5, '2022-04-04'),
(724, 50, 2, 7, NULL, 700, 2, '2022-04-04'),
(725, 17, 1, 3, 3, 300, 1, '2022-04-04'),
(726, 8, 6, 6, NULL, 1750, 5, '2022-04-04'),
(727, 30, 3, 3, 3, 800, 2, '2022-04-04'),
(728, 69, 6, 5, NULL, 1400, 4, '2022-04-05'),
(729, 68, 1, 10, NULL, 1400, 4, '2022-04-05'),
(730, 18, 2, 11, NULL, 1500, 5, '2022-04-05'),
(731, 58, 4, 1, 1, 2000, 5, '2022-04-05'),
(732, 49, 4, 3, 3, 1400, 4, '2022-04-05'),
(733, 58, 4, 7, NULL, 1200, 3, '2022-04-06'),
(734, 37, 5, 3, 3, 1200, 3, '2022-04-06'),
(735, 15, 4, 10, NULL, 1050, 3, '2022-04-06'),
(736, 65, 4, 10, NULL, 1750, 5, '2022-04-06'),
(737, 46, 3, 11, NULL, 1600, 4, '2022-04-06'),
(738, 54, 1, 11, NULL, 1500, 5, '2022-04-07'),
(739, 15, 3, 3, 3, 1050, 3, '2022-04-07'),
(740, 27, 1, 7, NULL, 2000, 5, '2022-04-07'),
(741, 39, 6, 4, 4, 700, 2, '2022-04-07'),
(742, 3, 3, 1, 1, 1400, 4, '2022-04-07'),
(743, 55, 3, 1, 1, 1600, 4, '2022-04-08'),
(744, 21, 3, 4, 4, 700, 2, '2022-04-08'),
(745, 9, 5, 11, NULL, 350, 1, '2022-04-08'),
(746, 24, 2, 1, 1, 1200, 3, '2022-04-09'),
(747, 58, 1, 9, NULL, 2000, 5, '2022-04-09'),
(748, 57, 4, 1, 1, 1600, 4, '2022-04-09'),
(749, 47, 6, 4, 4, 400, 1, '2022-04-10'),
(750, 75, 4, 1, 1, 1500, 5, '2022-04-10'),
(751, 47, 2, 8, NULL, 800, 2, '2022-04-10'),
(752, 74, 6, 10, NULL, 600, 2, '2022-04-10'),
(753, 76, 2, 1, 1, 800, 2, '2022-04-11'),
(754, 56, 1, 7, NULL, 2000, 5, '2022-04-11'),
(755, 2, 6, 11, NULL, 1750, 5, '2022-04-11'),
(756, 77, 6, 1, 1, 400, 1, '2022-04-11'),
(757, 76, 2, 5, NULL, 1600, 4, '2022-04-11'),
(758, 42, 5, 3, 3, 1200, 4, '2022-04-11'),
(759, 54, 5, 11, NULL, 300, 1, '2022-04-12'),
(760, 17, 2, 4, 4, 1500, 5, '2022-04-12'),
(761, 32, 1, 11, NULL, 2000, 5, '2022-04-12'),
(762, 32, 4, 7, NULL, 1200, 3, '2022-04-12'),
(763, 18, 1, 3, 3, 1200, 4, '2022-04-12'),
(764, 11, 5, 11, NULL, 1500, 5, '2022-04-12'),
(765, 79, 5, 2, 2, 1600, 4, '2022-04-13'),
(766, 56, 5, 1, 1, 1600, 4, '2022-04-13'),
(767, 59, 1, 3, 3, 800, 2, '2022-04-13'),
(768, 74, 6, 11, NULL, 300, 1, '2022-04-13'),
(769, 1, 2, 1, 1, 1050, 3, '2022-04-13'),
(770, 32, 4, 3, 3, 400, 1, '2022-04-14'),
(771, 76, 6, 11, NULL, 2000, 5, '2022-04-14'),
(772, 35, 4, 4, 4, 2000, 5, '2022-04-14'),
(773, 38, 2, 12, NULL, 1400, 4, '2022-04-14'),
(774, 23, 2, 5, NULL, 800, 2, '2022-04-14'),
(775, 45, 4, 4, 4, 400, 1, '2022-04-15'),
(776, 25, 1, 1, 1, 1600, 4, '2022-04-15'),
(777, 6, 2, 10, NULL, 1400, 4, '2022-04-16'),
(778, 80, 5, 3, 3, 1600, 4, '2022-04-16'),
(779, 59, 1, 10, NULL, 2000, 5, '2022-04-16'),
(780, 41, 3, 3, 3, 300, 1, '2022-04-16'),
(781, 47, 4, 3, 3, 800, 2, '2022-04-17'),
(782, 23, 1, 9, NULL, 800, 2, '2022-04-17'),
(783, 59, 4, 4, 4, 800, 2, '2022-04-17'),
(784, 54, 6, 11, NULL, 300, 1, '2022-04-18'),
(785, 55, 1, 11, NULL, 1200, 3, '2022-04-18'),
(786, 17, 6, 1, 1, 600, 2, '2022-04-18'),
(787, 59, 5, 10, NULL, 2000, 5, '2022-04-18'),
(788, 55, 6, 3, 3, 1600, 4, '2022-04-18'),
(789, 68, 3, 3, 3, 350, 1, '2022-04-18'),
(790, 12, 5, 12, NULL, 600, 2, '2022-04-18'),
(791, 50, 3, 7, NULL, 1050, 3, '2022-04-19'),
(792, 33, 2, 11, NULL, 1600, 4, '2022-04-19'),
(793, 39, 2, 8, NULL, 1050, 3, '2022-04-19'),
(794, 12, 3, 5, NULL, 1200, 4, '2022-04-19'),
(795, 14, 4, 5, NULL, 1750, 5, '2022-04-19'),
(796, 23, 6, 11, NULL, 1200, 3, '2022-04-20'),
(797, 56, 6, 10, NULL, 800, 2, '2022-04-20'),
(798, 46, 3, 1, 1, 800, 2, '2022-04-20'),
(799, 59, 3, 6, NULL, 1600, 4, '2022-04-20'),
(800, 37, 1, 3, 3, 400, 1, '2022-04-20'),
(801, 43, 4, 5, NULL, 1500, 5, '2022-04-20'),
(802, 68, 5, 2, 2, 700, 2, '2022-04-21'),
(803, 31, 3, 11, NULL, 1200, 3, '2022-04-21'),
(804, 29, 3, 3, 3, 1600, 4, '2022-04-21'),
(805, 56, 1, 3, 3, 800, 2, '2022-04-21'),
(806, 8, 3, 11, NULL, 1400, 4, '2022-04-22'),
(807, 7, 3, 2, 2, 1050, 3, '2022-04-22'),
(808, 79, 5, 2, 2, 2000, 5, '2022-04-22'),
(809, 58, 4, 7, NULL, 2000, 5, '2022-04-23'),
(810, 53, 3, 12, NULL, 900, 3, '2022-04-23'),
(811, 56, 1, 9, NULL, 400, 1, '2022-04-23'),
(812, 30, 5, 10, NULL, 1600, 4, '2022-04-23'),
(813, 65, 3, 2, 2, 1050, 3, '2022-04-23'),
(814, 58, 6, 4, 4, 2000, 5, '2022-04-23'),
(815, 41, 1, 2, 2, 300, 1, '2022-04-24'),
(816, 34, 3, 1, 1, 2000, 5, '2022-04-24'),
(817, 63, 5, 11, NULL, 1750, 5, '2022-04-24'),
(818, 34, 5, 7, NULL, 1200, 3, '2022-04-25'),
(819, 72, 4, 3, 3, 1500, 5, '2022-04-25'),
(820, 6, 6, 8, NULL, 1750, 5, '2022-04-25'),
(821, 33, 2, 1, 1, 1200, 3, '2022-04-25'),
(822, 44, 1, 4, 4, 800, 2, '2022-04-26'),
(823, 51, 2, 1, 1, 300, 1, '2022-04-26'),
(824, 7, 3, 11, NULL, 700, 2, '2022-04-26'),
(825, 18, 3, 7, NULL, 1500, 5, '2022-04-26'),
(826, 74, 5, 9, NULL, 600, 2, '2022-04-26'),
(827, 21, 5, 10, NULL, 1750, 5, '2022-04-26'),
(828, 61, 5, 4, 4, 800, 2, '2022-04-26'),
(829, 15, 3, 3, 3, 1750, 5, '2022-04-27'),
(830, 66, 4, 3, 3, 800, 2, '2022-04-27'),
(831, 13, 3, 9, NULL, 900, 3, '2022-04-27'),
(832, 57, 4, 4, 4, 1200, 3, '2022-04-27'),
(833, 72, 2, 1, 1, 900, 3, '2022-04-28'),
(834, 67, 3, 4, 4, 800, 2, '2022-04-28'),
(835, 2, 2, 3, 3, 350, 1, '2022-04-28'),
(836, 5, 4, 1, 1, 1750, 5, '2022-04-28'),
(837, 62, 3, 11, NULL, 700, 2, '2022-04-29'),
(838, 35, 1, 9, NULL, 2000, 5, '2022-04-29'),
(839, 37, 4, 3, 3, 2000, 5, '2022-04-29'),
(840, 69, 4, 5, NULL, 1050, 3, '2022-04-30'),
(841, 16, 6, 11, NULL, 900, 3, '2022-04-30'),
(842, 42, 2, 10, NULL, 300, 1, '2022-04-30'),
(843, 31, 5, 8, NULL, 1600, 4, '2022-05-01'),
(844, 67, 2, 11, NULL, 1600, 4, '2022-05-01'),
(845, 25, 6, 12, NULL, 1600, 4, '2022-05-01'),
(846, 60, 4, 3, 3, 800, 2, '2022-05-01'),
(847, 51, 3, 1, 1, 1500, 5, '2022-05-01'),
(848, 74, 1, 1, 1, 300, 1, '2022-05-02'),
(849, 31, 2, 3, 3, 1200, 3, '2022-05-02'),
(850, 32, 5, 7, NULL, 400, 1, '2022-05-02'),
(851, 81, 2, 4, 4, 800, 2, '2022-05-02'),
(852, 30, 5, 3, 3, 800, 2, '2022-05-02'),
(853, 18, 1, 1, 1, 1200, 4, '2022-05-03'),
(854, 61, 5, 7, NULL, 400, 1, '2022-05-03'),
(855, 53, 1, 11, NULL, 300, 1, '2022-05-03'),
(856, 18, 3, 3, 3, 1500, 5, '2022-05-03'),
(857, 13, 2, 4, 4, 1200, 4, '2022-05-03'),
(858, 68, 5, 11, NULL, 700, 2, '2022-05-03'),
(859, 32, 5, 3, 3, 800, 2, '2022-05-03'),
(860, 59, 5, 5, NULL, 400, 1, '2022-05-04'),
(861, 35, 4, 4, 4, 800, 2, '2022-05-04'),
(862, 70, 1, 3, 3, 700, 2, '2022-05-04'),
(863, 54, 3, 4, 4, 1200, 4, '2022-05-04'),
(864, 69, 4, 11, NULL, 1750, 5, '2022-05-05'),
(865, 34, 3, 2, 2, 1200, 3, '2022-05-05'),
(866, 68, 1, 5, NULL, 1750, 5, '2022-05-05'),
(867, 24, 1, 5, NULL, 1600, 4, '2022-05-05'),
(868, 26, 6, 10, NULL, 1200, 3, '2022-05-05'),
(869, 7, 3, 6, NULL, 1750, 5, '2022-05-05'),
(870, 62, 1, 11, NULL, 700, 2, '2022-05-05'),
(871, 25, 3, 5, NULL, 1600, 4, '2022-05-06'),
(872, 66, 5, 6, NULL, 2000, 5, '2022-05-06'),
(873, 27, 4, 12, NULL, 800, 2, '2022-05-06'),
(874, 14, 3, 6, NULL, 350, 1, '2022-05-06'),
(875, 16, 4, 5, NULL, 1200, 4, '2022-05-07'),
(876, 27, 2, 3, 3, 2000, 5, '2022-05-07'),
(877, 36, 4, 4, 4, 2000, 5, '2022-05-07'),
(878, 75, 5, 4, 4, 300, 1, '2022-05-07'),
(879, 13, 1, 10, NULL, 300, 1, '2022-05-08'),
(880, 50, 4, 11, NULL, 700, 2, '2022-05-08'),
(881, 69, 4, 3, 3, 1400, 4, '2022-05-09'),
(882, 68, 3, 3, 3, 1750, 5, '2022-05-09'),
(883, 4, 2, 11, NULL, 1750, 5, '2022-05-09'),
(884, 81, 2, 1, 1, 800, 2, '2022-05-09'),
(885, 64, 3, 4, 4, 700, 2, '2022-05-10'),
(886, 47, 4, 5, NULL, 1600, 4, '2022-05-10'),
(887, 25, 2, 3, 3, 400, 1, '2022-05-10'),
(888, 44, 2, 11, NULL, 2000, 5, '2022-05-10'),
(889, 54, 6, 5, NULL, 300, 1, '2022-05-11'),
(890, 66, 2, 4, 4, 400, 1, '2022-05-11'),
(891, 52, 1, 1, 1, 300, 1, '2022-05-11'),
(892, 20, 4, 2, 2, 1750, 5, '2022-05-11'),
(893, 42, 3, 9, NULL, 900, 3, '2022-05-11'),
(894, 25, 4, 1, 1, 1600, 4, '2022-05-12'),
(895, 44, 4, 2, 2, 1600, 4, '2022-05-12'),
(896, 13, 2, 4, 4, 1200, 4, '2022-05-12'),
(897, 64, 2, 3, 3, 700, 2, '2022-05-13'),
(898, 67, 4, 11, NULL, 1200, 3, '2022-05-13'),
(899, 18, 5, 3, 3, 300, 1, '2022-05-13'),
(900, 5, 6, 3, 3, 350, 1, '2022-05-13'),
(901, 44, 5, 9, NULL, 1600, 4, '2022-05-13'),
(902, 20, 4, 1, 1, 1400, 4, '2022-05-14'),
(903, 30, 5, 11, NULL, 2000, 5, '2022-05-14'),
(904, 4, 1, 4, 4, 1750, 5, '2022-05-14'),
(905, 79, 3, 3, 3, 1200, 3, '2022-05-14'),
(906, 74, 4, 11, NULL, 300, 1, '2022-05-15'),
(907, 7, 2, 5, NULL, 1750, 5, '2022-05-15'),
(908, 33, 2, 7, NULL, 2000, 5, '2022-05-15'),
(909, 2, 5, 11, NULL, 1400, 4, '2022-05-15'),
(910, 73, 4, 11, NULL, 300, 1, '2022-05-16'),
(911, 11, 6, 7, NULL, 1500, 5, '2022-05-16'),
(912, 18, 4, 4, 4, 1500, 5, '2022-05-17'),
(913, 33, 4, 5, NULL, 1600, 4, '2022-05-17'),
(914, 23, 3, 2, 2, 400, 1, '2022-05-17'),
(915, 28, 5, 2, 2, 400, 1, '2022-05-17'),
(916, 26, 2, 1, 1, 800, 2, '2022-05-18'),
(917, 1, 6, 2, 2, 1750, 5, '2022-05-18'),
(918, 37, 2, 10, NULL, 800, 2, '2022-05-18'),
(919, 22, 2, 2, 2, 1200, 3, '2022-05-18'),
(920, 52, 4, 5, NULL, 300, 1, '2022-05-18'),
(921, 17, 4, 2, 2, 1500, 5, '2022-05-18'),
(922, 13, 3, 12, NULL, 300, 1, '2022-05-18'),
(923, 14, 2, 4, 4, 1750, 5, '2022-05-19'),
(924, 17, 2, 4, 4, 1200, 4, '2022-05-19'),
(925, 47, 5, 5, NULL, 400, 1, '2022-05-19'),
(926, 30, 6, 12, NULL, 1200, 3, '2022-05-19'),
(927, 30, 3, 4, 4, 400, 1, '2022-05-19'),
(928, 22, 5, 2, 2, 1600, 4, '2022-05-19'),
(929, 9, 3, 1, 1, 1050, 3, '2022-05-19'),
(930, 8, 4, 5, NULL, 700, 2, '2022-05-20'),
(931, 34, 3, 3, 3, 800, 2, '2022-05-20'),
(932, 26, 2, 4, 4, 800, 2, '2022-05-20'),
(933, 43, 3, 2, 2, 900, 3, '2022-05-20'),
(934, 74, 3, 3, 3, 600, 2, '2022-05-21'),
(935, 66, 4, 2, 2, 1600, 4, '2022-05-21'),
(936, 25, 3, 11, NULL, 1600, 4, '2022-05-21'),
(937, 63, 2, 2, 2, 1400, 4, '2022-05-21'),
(938, 75, 6, 3, 3, 300, 1, '2022-05-21'),
(939, 65, 6, 1, 1, 350, 1, '2022-05-22'),
(940, 41, 2, 2, 2, 1500, 5, '2022-05-22'),
(941, 30, 5, 6, NULL, 800, 2, '2022-05-22'),
(942, 78, 6, 1, 1, 1600, 4, '2022-05-22'),
(943, 64, 2, 11, NULL, 350, 1, '2022-05-22'),
(944, 80, 2, 3, 3, 2000, 5, '2022-05-22'),
(945, 50, 2, 2, 2, 1750, 5, '2022-05-23'),
(946, 38, 1, 6, NULL, 700, 2, '2022-05-23'),
(947, 7, 6, 3, 3, 1750, 5, '2022-05-23'),
(948, 53, 5, 1, 1, 600, 2, '2022-05-23'),
(949, 39, 3, 10, NULL, 350, 1, '2022-05-23'),
(950, 27, 2, 9, NULL, 400, 1, '2022-05-23'),
(951, 77, 6, 4, 4, 2000, 5, '2022-05-24'),
(952, 66, 4, 11, NULL, 400, 1, '2022-05-24'),
(953, 44, 2, 2, 2, 1600, 4, '2022-05-24'),
(954, 6, 2, 7, NULL, 1050, 3, '2022-05-24'),
(955, 44, 3, 6, NULL, 2000, 5, '2022-05-24'),
(956, 71, 3, 10, NULL, 1050, 3, '2022-05-24'),
(957, 9, 3, 3, 3, 1050, 3, '2022-05-25'),
(958, 27, 6, 11, NULL, 2000, 5, '2022-05-25'),
(959, 23, 4, 6, NULL, 2000, 5, '2022-05-25'),
(960, 79, 3, 5, NULL, 2000, 5, '2022-05-25'),
(961, 31, 3, 9, NULL, 1200, 3, '2022-05-25'),
(962, 66, 5, 3, 3, 1600, 4, '2022-05-25'),
(963, 77, 2, 11, NULL, 800, 2, '2022-05-26'),
(964, 21, 5, 3, 3, 1750, 5, '2022-05-26'),
(965, 54, 6, 1, 1, 600, 2, '2022-05-26'),
(966, 5, 1, 10, NULL, 1050, 3, '2022-05-26'),
(967, 25, 4, 1, 1, 400, 1, '2022-05-26'),
(968, 51, 5, 4, 4, 1200, 4, '2022-05-27'),
(969, 4, 2, 7, NULL, 700, 2, '2022-05-27'),
(970, 44, 5, 4, 4, 1200, 3, '2022-05-27'),
(971, 43, 6, 4, 4, 1500, 5, '2022-05-27'),
(972, 56, 5, 11, NULL, 1600, 4, '2022-05-27'),
(973, 33, 1, 1, 1, 1200, 3, '2022-05-27'),
(974, 1, 2, 11, NULL, 1400, 4, '2022-05-28'),
(975, 19, 5, 11, NULL, 900, 3, '2022-05-28'),
(976, 10, 1, 10, NULL, 1200, 4, '2022-05-28'),
(977, 21, 6, 1, 1, 1400, 4, '2022-05-28'),
(978, 20, 1, 2, 2, 700, 2, '2022-05-28'),
(979, 63, 1, 2, 2, 1750, 5, '2022-05-28'),
(980, 30, 2, 3, 3, 2000, 5, '2022-05-29'),
(981, 81, 4, 11, NULL, 1200, 3, '2022-05-29'),
(982, 43, 1, 5, NULL, 300, 1, '2022-05-29'),
(983, 1, 1, 3, 3, 1400, 4, '2022-05-29'),
(984, 64, 3, 3, 3, 350, 1, '2022-05-30'),
(985, 64, 2, 7, NULL, 1750, 5, '2022-05-30'),
(986, 61, 4, 1, 1, 1200, 3, '2022-05-30'),
(987, 58, 5, 1, 1, 400, 1, '2022-05-31'),
(988, 46, 4, 3, 3, 1200, 3, '2022-05-31'),
(989, 50, 6, 1, 1, 350, 1, '2022-05-31'),
(990, 30, 4, 11, NULL, 1600, 4, '2022-05-31'),
(991, 81, 4, 11, NULL, 1600, 4, '2022-05-31'),
(992, 40, 2, 4, 4, 1200, 4, '2022-06-01'),
(993, 33, 6, 2, 2, 1600, 4, '2022-06-01'),
(994, 3, 3, 4, 4, 1050, 3, '2022-06-01'),
(995, 20, 3, 2, 2, 350, 1, '2022-06-02'),
(996, 19, 4, 4, 4, 900, 3, '2022-06-02'),
(997, 79, 2, 1, 1, 400, 1, '2022-06-02'),
(998, 25, 6, 1, 1, 800, 2, '2022-06-03'),
(999, 40, 1, 10, NULL, 1500, 5, '2022-06-03'),
(1000, 67, 5, 4, 4, 800, 2, '2022-06-03'),
(1001, 9, 3, 11, NULL, 1050, 3, '2022-06-03'),
(1002, 56, 5, 1, 1, 800, 2, '2022-06-03'),
(1003, 24, 2, 3, 3, 2000, 5, '2022-06-03'),
(1004, 5, 6, 3, 3, 350, 1, '2022-06-03'),
(1005, 32, 5, 7, NULL, 1200, 3, '2022-06-04'),
(1006, 25, 4, 3, 3, 800, 2, '2022-06-04'),
(1007, 73, 4, 9, NULL, 600, 2, '2022-06-04'),
(1008, 70, 6, 6, NULL, 1050, 3, '2022-06-05'),
(1009, 15, 4, 11, NULL, 700, 2, '2022-06-05'),
(1010, 16, 6, 1, 1, 600, 2, '2022-06-05'),
(1011, 30, 5, 4, 4, 400, 1, '2022-06-06'),
(1012, 27, 2, 4, 4, 800, 2, '2022-06-06'),
(1013, 53, 4, 11, NULL, 1500, 5, '2022-06-06'),
(1014, 10, 3, 9, NULL, 300, 1, '2022-06-06'),
(1015, 66, 4, 3, 3, 1200, 3, '2022-06-07'),
(1016, 79, 3, 10, NULL, 400, 1, '2022-06-07'),
(1017, 48, 5, 11, NULL, 800, 2, '2022-06-07'),
(1018, 14, 1, 6, NULL, 1050, 3, '2022-06-07'),
(1019, 69, 2, 4, 4, 1750, 5, '2022-06-07'),
(1020, 68, 4, 1, 1, 1750, 5, '2022-06-08'),
(1021, 13, 3, 5, NULL, 300, 1, '2022-06-08'),
(1022, 75, 5, 11, NULL, 1500, 5, '2022-06-08'),
(1023, 8, 4, 4, 4, 1050, 3, '2022-06-09'),
(1024, 74, 1, 2, 2, 600, 2, '2022-06-09'),
(1025, 56, 5, 10, NULL, 2000, 5, '2022-06-10'),
(1026, 75, 1, 11, NULL, 600, 2, '2022-06-10'),
(1027, 74, 2, 1, 1, 900, 3, '2022-06-10'),
(1028, 46, 5, 5, NULL, 800, 2, '2022-06-10'),
(1029, 57, 4, 7, NULL, 1200, 3, '2022-06-11'),
(1030, 40, 1, 10, NULL, 300, 1, '2022-06-11'),
(1031, 63, 4, 10, NULL, 700, 2, '2022-06-11'),
(1032, 69, 2, 7, NULL, 350, 1, '2022-06-11'),
(1033, 41, 4, 8, NULL, 300, 1, '2022-06-12'),
(1034, 4, 2, 10, NULL, 700, 2, '2022-06-12'),
(1035, 34, 3, 4, 4, 400, 1, '2022-06-12'),
(1036, 54, 2, 2, 2, 1500, 5, '2022-06-12'),
(1037, 76, 2, 11, NULL, 1600, 4, '2022-06-12'),
(1038, 63, 6, 2, 2, 1400, 4, '2022-06-12'),
(1039, 35, 5, 12, NULL, 800, 2, '2022-06-12'),
(1040, 59, 2, 3, 3, 400, 1, '2022-06-13'),
(1041, 55, 6, 6, NULL, 1200, 3, '2022-06-13'),
(1042, 54, 3, 2, 2, 1200, 4, '2022-06-13'),
(1043, 31, 1, 11, NULL, 800, 2, '2022-06-13'),
(1044, 41, 2, 5, NULL, 1200, 4, '2022-06-14'),
(1045, 39, 4, 1, 1, 700, 2, '2022-06-14'),
(1046, 15, 2, 11, NULL, 1050, 3, '2022-06-15'),
(1047, 24, 5, 1, 1, 2000, 5, '2022-06-15'),
(1048, 75, 3, 9, NULL, 1500, 5, '2022-06-15'),
(1049, 65, 6, 2, 2, 1050, 3, '2022-06-15'),
(1050, 8, 5, 4, 4, 1750, 5, '2022-06-15'),
(1051, 26, 5, 10, NULL, 1200, 3, '2022-06-15'),
(1052, 43, 3, 4, 4, 900, 3, '2022-06-16'),
(1053, 62, 4, 4, 4, 1050, 3, '2022-06-16'),
(1054, 55, 2, 3, 3, 1200, 3, '2022-06-16'),
(1055, 63, 3, 4, 4, 1050, 3, '2022-06-16'),
(1056, 53, 1, 11, NULL, 900, 3, '2022-06-16'),
(1057, 42, 2, 2, 2, 900, 3, '2022-06-16'),
(1058, 65, 2, 4, 4, 1050, 3, '2022-06-17'),
(1059, 42, 4, 2, 2, 600, 2, '2022-06-17'),
(1060, 79, 2, 3, 3, 1600, 4, '2022-06-17'),
(1061, 35, 1, 1, 1, 800, 2, '2022-06-17'),
(1062, 80, 4, 12, NULL, 2000, 5, '2022-06-18'),
(1063, 78, 6, 4, 4, 800, 2, '2022-06-18'),
(1064, 32, 1, 3, 3, 2000, 5, '2022-06-18'),
(1065, 57, 1, 2, 2, 400, 1, '2022-06-18'),
(1066, 81, 1, 1, 1, 800, 2, '2022-06-19'),
(1067, 72, 2, 4, 4, 900, 3, '2022-06-19'),
(1068, 16, 5, 6, NULL, 300, 1, '2022-06-19'),
(1069, 48, 3, 11, NULL, 1600, 4, '2022-06-19'),
(1070, 11, 4, 1, 1, 600, 2, '2022-06-20'),
(1071, 4, 4, 7, NULL, 1050, 3, '2022-06-20'),
(1072, 65, 2, 5, NULL, 700, 2, '2022-06-20'),
(1073, 46, 1, 8, NULL, 1600, 4, '2022-06-21'),
(1074, 75, 1, 3, 3, 300, 1, '2022-06-21'),
(1075, 17, 2, 6, NULL, 900, 3, '2022-06-21'),
(1076, 63, 6, 5, NULL, 700, 2, '2022-06-21'),
(1077, 28, 6, 3, 3, 800, 2, '2022-06-21'),
(1078, 49, 3, 1, 1, 700, 2, '2022-06-22'),
(1079, 66, 4, 6, NULL, 1600, 4, '2022-06-23'),
(1080, 49, 5, 3, 3, 700, 2, '2022-06-23'),
(1081, 26, 5, 3, 3, 800, 2, '2022-06-23'),
(1082, 2, 1, 5, NULL, 1400, 4, '2022-06-24'),
(1083, 10, 4, 11, NULL, 900, 3, '2022-06-24'),
(1084, 77, 5, 3, 3, 400, 1, '2022-06-24'),
(1085, 58, 3, 6, NULL, 800, 2, '2022-06-24'),
(1086, 50, 6, 1, 1, 1400, 4, '2022-06-24'),
(1087, 58, 5, 11, NULL, 1200, 3, '2022-06-24'),
(1088, 8, 5, 10, NULL, 350, 1, '2022-06-25'),
(1089, 65, 5, 10, NULL, 1400, 4, '2022-06-25'),
(1090, 59, 5, 5, NULL, 800, 2, '2022-06-25'),
(1091, 28, 4, 4, 4, 1200, 3, '2022-06-25'),
(1092, 15, 6, 1, 1, 700, 2, '2022-06-25'),
(1093, 68, 3, 3, 3, 1750, 5, '2022-06-25'),
(1094, 8, 6, 4, 4, 350, 1, '2022-06-26'),
(1095, 54, 5, 1, 1, 600, 2, '2022-06-26'),
(1096, 29, 1, 9, NULL, 2000, 5, '2022-06-26'),
(1097, 40, 5, 7, NULL, 1200, 4, '2022-06-27'),
(1098, 59, 2, 4, 4, 1200, 3, '2022-06-27'),
(1099, 25, 5, 11, NULL, 2000, 5, '2022-06-27'),
(1100, 8, 4, 9, NULL, 1750, 5, '2022-06-27'),
(1101, 41, 1, 10, NULL, 1200, 4, '2022-06-27'),
(1102, 68, 1, 2, 2, 700, 2, '2022-06-28'),
(1103, 22, 3, 3, 3, 400, 1, '2022-06-28'),
(1104, 29, 5, 1, 1, 2000, 5, '2022-06-28'),
(1105, 20, 6, 5, NULL, 1750, 5, '2022-06-29'),
(1106, 68, 5, 4, 4, 700, 2, '2022-06-29'),
(1107, 14, 3, 4, 4, 1750, 5, '2022-06-29'),
(1108, 57, 6, 4, 4, 2000, 5, '2022-06-29'),
(1109, 41, 2, 8, NULL, 900, 3, '2022-06-30'),
(1110, 75, 4, 3, 3, 1200, 4, '2022-06-30'),
(1111, 23, 5, 3, 3, 400, 1, '2022-06-30'),
(1112, 77, 1, 4, 4, 400, 1, '2022-06-30'),
(1113, 62, 2, 11, NULL, 350, 1, '2022-06-30'),
(1114, 31, 2, 2, 2, 1600, 4, '2022-06-30'),
(1115, 25, 2, 7, NULL, 2000, 5, '2022-07-01'),
(1116, 15, 1, 1, 1, 350, 1, '2022-07-01'),
(1117, 49, 1, 4, 4, 700, 2, '2022-07-01'),
(1118, 65, 5, 8, NULL, 1750, 5, '2022-07-01'),
(1119, 13, 1, 1, 1, 300, 1, '2022-07-01'),
(1120, 28, 2, 7, NULL, 400, 1, '2022-07-02'),
(1121, 76, 1, 3, 3, 1200, 3, '2022-07-02'),
(1122, 33, 3, 11, NULL, 1600, 4, '2022-07-02'),
(1123, 25, 1, 6, NULL, 1600, 4, '2022-07-02'),
(1124, 7, 3, 5, NULL, 1400, 4, '2022-07-02'),
(1125, 76, 3, 4, 4, 1200, 3, '2022-07-02'),
(1126, 53, 2, 4, 4, 600, 2, '2022-07-03'),
(1127, 41, 3, 10, NULL, 1500, 5, '2022-07-03'),
(1128, 80, 1, 10, NULL, 400, 1, '2022-07-03'),
(1129, 75, 1, 7, NULL, 1500, 5, '2022-07-04'),
(1130, 49, 1, 3, 3, 1400, 4, '2022-07-04'),
(1131, 30, 5, 1, 1, 1200, 3, '2022-07-04'),
(1132, 51, 1, 5, NULL, 1500, 5, '2022-07-04'),
(1133, 12, 2, 4, 4, 900, 3, '2022-07-05'),
(1134, 20, 5, 11, NULL, 1400, 4, '2022-07-05'),
(1135, 60, 1, 7, NULL, 400, 1, '2022-07-05'),
(1136, 46, 4, 1, 1, 400, 1, '2022-07-05'),
(1137, 46, 1, 1, 1, 800, 2, '2022-07-05'),
(1138, 36, 6, 1, 1, 400, 1, '2022-07-05'),
(1139, 53, 4, 4, 4, 900, 3, '2022-07-06'),
(1140, 37, 4, 5, NULL, 1600, 4, '2022-07-06'),
(1141, 69, 3, 3, 3, 1400, 4, '2022-07-06'),
(1142, 4, 2, 11, NULL, 700, 2, '2022-07-06'),
(1143, 52, 2, 3, 3, 600, 2, '2022-07-06'),
(1144, 27, 5, 1, 1, 1200, 3, '2022-07-06'),
(1145, 77, 6, 4, 4, 1600, 4, '2022-07-07'),
(1146, 50, 1, 4, 4, 350, 1, '2022-07-07'),
(1147, 14, 1, 1, 1, 1050, 3, '2022-07-07'),
(1148, 80, 5, 2, 2, 2000, 5, '2022-07-08'),
(1149, 32, 1, 6, NULL, 400, 1, '2022-07-08'),
(1150, 11, 6, 11, NULL, 300, 1, '2022-07-08'),
(1151, 18, 6, 5, NULL, 1500, 5, '2022-07-08'),
(1152, 32, 2, 1, 1, 1600, 4, '2022-07-09'),
(1153, 56, 5, 1, 1, 1200, 3, '2022-07-09'),
(1154, 11, 2, 1, 1, 1200, 4, '2022-07-09'),
(1155, 64, 4, 3, 3, 1750, 5, '2022-07-10'),
(1156, 44, 2, 11, NULL, 2000, 5, '2022-07-10'),
(1157, 34, 6, 5, NULL, 800, 2, '2022-07-10'),
(1158, 45, 4, 1, 1, 400, 1, '2022-07-10'),
(1159, 42, 2, 3, 3, 300, 1, '2022-07-10'),
(1160, 29, 4, 1, 1, 800, 2, '2022-07-11'),
(1161, 68, 2, 2, 2, 350, 1, '2022-07-11'),
(1162, 44, 5, 1, 1, 800, 2, '2022-07-11'),
(1163, 50, 3, 2, 2, 1400, 4, '2022-07-12'),
(1164, 76, 1, 5, NULL, 1600, 4, '2022-07-12'),
(1165, 74, 6, 4, 4, 1500, 5, '2022-07-12'),
(1166, 80, 1, 7, NULL, 2000, 5, '2022-07-12'),
(1167, 40, 4, 7, NULL, 300, 1, '2022-07-12'),
(1168, 42, 6, 5, NULL, 1200, 4, '2022-07-12'),
(1169, 22, 5, 12, NULL, 1200, 3, '2022-07-13'),
(1170, 68, 2, 2, 2, 350, 1, '2022-07-13'),
(1171, 63, 3, 3, 3, 700, 2, '2022-07-13'),
(1172, 25, 1, 3, 3, 1600, 4, '2022-07-13'),
(1173, 57, 6, 1, 1, 2000, 5, '2022-07-13'),
(1174, 18, 3, 5, NULL, 300, 1, '2022-07-13'),
(1175, 48, 3, 2, 2, 1600, 4, '2022-07-13'),
(1176, 77, 6, 11, NULL, 800, 2, '2022-07-14'),
(1177, 24, 1, 5, NULL, 1200, 3, '2022-07-14'),
(1178, 55, 5, 11, NULL, 1200, 3, '2022-07-14'),
(1179, 56, 6, 2, 2, 1200, 3, '2022-07-14'),
(1180, 55, 6, 3, 3, 1600, 4, '2022-07-15');
INSERT INTO `siparisler` (`siparis_id`, `forma_id`, `beden_id`, `il_id`, `sube_id`, `fiyat`, `adet`, `tarih`) VALUES
(1181, 54, 3, 2, 2, 900, 3, '2022-07-15'),
(1182, 67, 5, 10, NULL, 800, 2, '2022-07-15'),
(1183, 50, 2, 2, 2, 1400, 4, '2022-07-15'),
(1184, 40, 1, 5, NULL, 600, 2, '2022-07-15'),
(1185, 67, 6, 4, 4, 800, 2, '2022-07-16'),
(1186, 31, 4, 2, 2, 2000, 5, '2022-07-16'),
(1187, 22, 1, 1, 1, 2000, 5, '2022-07-16'),
(1188, 35, 5, 5, NULL, 1200, 3, '2022-07-16'),
(1189, 59, 3, 4, 4, 1200, 3, '2022-07-16'),
(1190, 66, 5, 10, NULL, 400, 1, '2022-07-16'),
(1191, 77, 1, 8, NULL, 1200, 3, '2022-07-17'),
(1192, 42, 1, 2, 2, 1200, 4, '2022-07-17'),
(1193, 15, 2, 7, NULL, 350, 1, '2022-07-17'),
(1194, 36, 3, 7, NULL, 2000, 5, '2022-07-17'),
(1195, 61, 1, 1, 1, 400, 1, '2022-07-17'),
(1196, 59, 6, 7, NULL, 800, 2, '2022-07-17'),
(1197, 73, 4, 1, 1, 1500, 5, '2022-07-18'),
(1198, 70, 2, 11, NULL, 1750, 5, '2022-07-18'),
(1199, 68, 1, 3, 3, 700, 2, '2022-07-18'),
(1200, 17, 5, 10, NULL, 1500, 5, '2022-07-19'),
(1201, 40, 2, 1, 1, 600, 2, '2022-07-19'),
(1202, 41, 4, 1, 1, 300, 1, '2022-07-19'),
(1203, 42, 3, 10, NULL, 600, 2, '2022-07-19'),
(1204, 17, 6, 5, NULL, 1500, 5, '2022-07-20'),
(1205, 61, 5, 12, NULL, 400, 1, '2022-07-20'),
(1206, 29, 5, 4, 4, 1600, 4, '2022-07-20'),
(1207, 57, 6, 2, 2, 1200, 3, '2022-07-20'),
(1208, 26, 1, 2, 2, 1600, 4, '2022-07-20'),
(1209, 4, 2, 3, 3, 350, 1, '2022-07-20'),
(1210, 76, 5, 4, 4, 1200, 3, '2022-07-20'),
(1211, 19, 5, 4, 4, 600, 2, '2022-07-21'),
(1212, 1, 1, 11, NULL, 700, 2, '2022-07-21'),
(1213, 54, 2, 4, 4, 1500, 5, '2022-07-21'),
(1214, 19, 2, 7, NULL, 300, 1, '2022-07-21'),
(1215, 57, 4, 11, NULL, 1600, 4, '2022-07-21'),
(1216, 10, 4, 10, NULL, 900, 3, '2022-07-21'),
(1217, 37, 4, 9, NULL, 1600, 4, '2022-07-21'),
(1218, 44, 5, 10, NULL, 2000, 5, '2022-07-22'),
(1219, 46, 1, 1, 1, 1600, 4, '2022-07-22'),
(1220, 54, 4, 11, NULL, 600, 2, '2022-07-22'),
(1221, 54, 4, 4, 4, 1200, 4, '2022-07-22'),
(1222, 37, 2, 11, NULL, 400, 1, '2022-07-22'),
(1223, 64, 5, 1, 1, 700, 2, '2022-07-23'),
(1224, 16, 2, 3, 3, 600, 2, '2022-07-23'),
(1225, 81, 2, 5, NULL, 800, 2, '2022-07-23'),
(1226, 71, 4, 4, 4, 700, 2, '2022-07-23'),
(1227, 80, 2, 2, 2, 400, 1, '2022-07-24'),
(1228, 30, 1, 12, NULL, 800, 2, '2022-07-24'),
(1229, 5, 5, 3, 3, 1050, 3, '2022-07-24'),
(1230, 24, 4, 4, 4, 1600, 4, '2022-07-24'),
(1231, 10, 3, 2, 2, 300, 1, '2022-07-24'),
(1232, 78, 1, 11, NULL, 2000, 5, '2022-07-24'),
(1233, 43, 6, 10, NULL, 600, 2, '2022-07-25'),
(1234, 76, 1, 2, 2, 2000, 5, '2022-07-25'),
(1235, 76, 3, 3, 3, 800, 2, '2022-07-25'),
(1236, 41, 3, 4, 4, 900, 3, '2022-07-26'),
(1237, 51, 6, 3, 3, 900, 3, '2022-07-26'),
(1238, 73, 4, 1, 1, 900, 3, '2022-07-26'),
(1239, 34, 4, 10, NULL, 400, 1, '2022-07-26'),
(1240, 47, 5, 2, 2, 1600, 4, '2022-07-27'),
(1241, 13, 5, 6, NULL, 600, 2, '2022-07-27'),
(1242, 12, 3, 10, NULL, 1200, 4, '2022-07-27'),
(1243, 76, 3, 11, NULL, 2000, 5, '2022-07-28'),
(1244, 43, 5, 11, NULL, 300, 1, '2022-07-28'),
(1245, 44, 5, 1, 1, 800, 2, '2022-07-28'),
(1246, 4, 5, 5, NULL, 1400, 4, '2022-07-28'),
(1247, 46, 2, 2, 2, 2000, 5, '2022-07-28'),
(1248, 59, 1, 2, 2, 1200, 3, '2022-07-29'),
(1249, 41, 6, 3, 3, 1200, 4, '2022-07-29'),
(1250, 35, 4, 10, NULL, 800, 2, '2022-07-29'),
(1251, 3, 2, 10, NULL, 1050, 3, '2022-07-30'),
(1252, 80, 1, 3, 3, 1200, 3, '2022-07-30'),
(1253, 37, 5, 2, 2, 400, 1, '2022-07-30'),
(1254, 32, 3, 10, NULL, 800, 2, '2022-07-30'),
(1255, 42, 3, 3, 3, 600, 2, '2022-07-30'),
(1256, 71, 3, 11, NULL, 350, 1, '2022-07-30'),
(1257, 8, 4, 7, NULL, 1400, 4, '2022-07-31'),
(1258, 78, 6, 3, 3, 1200, 3, '2022-07-31'),
(1259, 5, 5, 3, 3, 1750, 5, '2022-07-31'),
(1260, 80, 2, 2, 2, 1600, 4, '2022-07-31'),
(1261, 72, 6, 3, 3, 900, 3, '2022-07-31'),
(1262, 47, 6, 3, 3, 2000, 5, '2022-08-01'),
(1263, 29, 6, 3, 3, 1200, 3, '2022-08-01'),
(1264, 24, 5, 5, NULL, 400, 1, '2022-08-01'),
(1265, 55, 3, 2, 2, 800, 2, '2022-08-01'),
(1266, 11, 6, 2, 2, 1200, 4, '2022-08-02'),
(1267, 69, 5, 1, 1, 1400, 4, '2022-08-02'),
(1268, 72, 2, 1, 1, 900, 3, '2022-08-02'),
(1269, 76, 4, 7, NULL, 2000, 5, '2022-08-02'),
(1270, 27, 4, 7, NULL, 800, 2, '2022-08-03'),
(1271, 24, 4, 5, NULL, 1600, 4, '2022-08-03'),
(1272, 20, 3, 7, NULL, 1750, 5, '2022-08-03'),
(1273, 2, 6, 2, 2, 1400, 4, '2022-08-04'),
(1274, 61, 5, 10, NULL, 1600, 4, '2022-08-04'),
(1275, 63, 3, 6, NULL, 350, 1, '2022-08-04'),
(1276, 78, 4, 6, NULL, 1200, 3, '2022-08-04'),
(1277, 43, 5, 5, NULL, 900, 3, '2022-08-04'),
(1278, 51, 5, 4, 4, 1500, 5, '2022-08-04'),
(1279, 75, 2, 2, 2, 300, 1, '2022-08-05'),
(1280, 50, 6, 7, NULL, 1750, 5, '2022-08-05'),
(1281, 59, 2, 10, NULL, 1200, 3, '2022-08-05'),
(1282, 8, 3, 1, 1, 700, 2, '2022-08-05'),
(1283, 50, 2, 3, 3, 1750, 5, '2022-08-06'),
(1284, 45, 2, 8, NULL, 1200, 3, '2022-08-06'),
(1285, 79, 5, 10, NULL, 1600, 4, '2022-08-06'),
(1286, 19, 1, 3, 3, 1500, 5, '2022-08-06'),
(1287, 47, 4, 3, 3, 800, 2, '2022-08-06'),
(1288, 78, 3, 1, 1, 1600, 4, '2022-08-06'),
(1289, 13, 6, 6, NULL, 1200, 4, '2022-08-07'),
(1290, 80, 4, 7, NULL, 1600, 4, '2022-08-07'),
(1291, 24, 4, 2, 2, 2000, 5, '2022-08-07'),
(1292, 44, 3, 11, NULL, 800, 2, '2022-08-07'),
(1293, 68, 5, 6, NULL, 1750, 5, '2022-08-07'),
(1294, 18, 1, 3, 3, 300, 1, '2022-08-07'),
(1295, 71, 4, 1, 1, 1400, 4, '2022-08-07'),
(1296, 59, 2, 10, NULL, 400, 1, '2022-08-08'),
(1297, 4, 2, 9, NULL, 1050, 3, '2022-08-08'),
(1298, 58, 6, 2, 2, 1600, 4, '2022-08-08'),
(1299, 36, 3, 12, NULL, 1600, 4, '2022-08-08'),
(1300, 56, 3, 11, NULL, 1600, 4, '2022-08-09'),
(1301, 25, 2, 2, 2, 800, 2, '2022-08-09'),
(1302, 9, 2, 11, NULL, 1750, 5, '2022-08-09'),
(1303, 37, 5, 3, 3, 800, 2, '2022-08-09'),
(1304, 71, 5, 10, NULL, 1050, 3, '2022-08-09'),
(1305, 51, 5, 2, 2, 1200, 4, '2022-08-10'),
(1306, 78, 2, 10, NULL, 800, 2, '2022-08-10'),
(1307, 62, 1, 1, 1, 350, 1, '2022-08-10'),
(1308, 2, 5, 7, NULL, 350, 1, '2022-08-11'),
(1309, 29, 6, 4, 4, 2000, 5, '2022-08-11'),
(1310, 71, 5, 4, 4, 1050, 3, '2022-08-11'),
(1311, 42, 1, 8, NULL, 600, 2, '2022-08-11'),
(1312, 63, 1, 4, 4, 1050, 3, '2022-08-11'),
(1313, 79, 5, 3, 3, 2000, 5, '2022-08-12'),
(1314, 29, 1, 6, NULL, 800, 2, '2022-08-12'),
(1315, 13, 1, 1, 1, 1200, 4, '2022-08-12'),
(1316, 57, 3, 5, NULL, 1600, 4, '2022-08-12'),
(1317, 77, 1, 3, 3, 800, 2, '2022-08-12'),
(1318, 32, 3, 1, 1, 1600, 4, '2022-08-12'),
(1319, 48, 1, 7, NULL, 400, 1, '2022-08-13'),
(1320, 23, 4, 2, 2, 1600, 4, '2022-08-13'),
(1321, 24, 1, 2, 2, 400, 1, '2022-08-13'),
(1322, 45, 3, 10, NULL, 1200, 3, '2022-08-13'),
(1323, 16, 3, 4, 4, 900, 3, '2022-08-13'),
(1324, 32, 6, 11, NULL, 2000, 5, '2022-08-14'),
(1325, 76, 1, 3, 3, 2000, 5, '2022-08-14'),
(1326, 25, 3, 1, 1, 2000, 5, '2022-08-14'),
(1327, 53, 6, 4, 4, 1200, 4, '2022-08-14'),
(1328, 71, 2, 10, NULL, 700, 2, '2022-08-14'),
(1329, 73, 6, 2, 2, 1500, 5, '2022-08-15'),
(1330, 20, 1, 5, NULL, 1750, 5, '2022-08-15'),
(1331, 5, 2, 11, NULL, 700, 2, '2022-08-15'),
(1332, 37, 6, 1, 1, 1200, 3, '2022-08-15'),
(1333, 52, 4, 3, 3, 1200, 4, '2022-08-16'),
(1334, 16, 6, 6, NULL, 1500, 5, '2022-08-16'),
(1335, 2, 1, 1, 1, 700, 2, '2022-08-16'),
(1336, 46, 2, 4, 4, 2000, 5, '2022-08-16'),
(1337, 1, 3, 6, NULL, 1750, 5, '2022-08-16'),
(1338, 55, 5, 5, NULL, 1200, 3, '2022-08-17'),
(1339, 45, 2, 3, 3, 800, 2, '2022-08-17'),
(1340, 71, 4, 4, 4, 700, 2, '2022-08-17'),
(1341, 29, 4, 5, NULL, 1200, 3, '2022-08-18'),
(1342, 37, 2, 11, NULL, 1600, 4, '2022-08-18'),
(1343, 3, 5, 10, NULL, 700, 2, '2022-08-18'),
(1344, 24, 6, 3, 3, 2000, 5, '2022-08-19'),
(1345, 67, 6, 7, NULL, 2000, 5, '2022-08-19'),
(1346, 25, 1, 5, NULL, 1600, 4, '2022-08-19'),
(1347, 55, 5, 3, 3, 800, 2, '2022-08-19'),
(1348, 29, 5, 3, 3, 1600, 4, '2022-08-20'),
(1349, 23, 5, 1, 1, 1200, 3, '2022-08-20'),
(1350, 77, 4, 4, 4, 1600, 4, '2022-08-20'),
(1351, 51, 1, 1, 1, 1200, 4, '2022-08-20'),
(1352, 35, 5, 3, 3, 1600, 4, '2022-08-20'),
(1353, 4, 2, 2, 2, 1050, 3, '2022-08-21'),
(1354, 46, 3, 2, 2, 2000, 5, '2022-08-21'),
(1355, 20, 4, 1, 1, 1750, 5, '2022-08-21'),
(1356, 73, 2, 1, 1, 1200, 4, '2022-08-22'),
(1357, 76, 1, 1, 1, 800, 2, '2022-08-22'),
(1358, 79, 5, 4, 4, 1200, 3, '2022-08-22'),
(1359, 61, 3, 3, 3, 1600, 4, '2022-08-22'),
(1360, 22, 4, 4, 4, 400, 1, '2022-08-22'),
(1361, 51, 1, 2, 2, 900, 3, '2022-08-22'),
(1362, 52, 3, 2, 2, 1500, 5, '2022-08-22'),
(1363, 75, 5, 2, 2, 1500, 5, '2022-08-23'),
(1364, 63, 5, 2, 2, 350, 1, '2022-08-23'),
(1365, 47, 3, 8, NULL, 1600, 4, '2022-08-23'),
(1366, 66, 1, 5, NULL, 1600, 4, '2022-08-23'),
(1367, 20, 2, 9, NULL, 1400, 4, '2022-08-23'),
(1368, 8, 6, 3, 3, 1750, 5, '2022-08-23'),
(1369, 42, 5, 3, 3, 1200, 4, '2022-08-24'),
(1370, 22, 4, 5, NULL, 1200, 3, '2022-08-24'),
(1371, 33, 2, 11, NULL, 800, 2, '2022-08-24'),
(1372, 70, 3, 3, 3, 1750, 5, '2022-08-24'),
(1373, 57, 5, 4, 4, 1200, 3, '2022-08-24'),
(1374, 80, 4, 10, NULL, 1200, 3, '2022-08-25'),
(1375, 70, 2, 8, NULL, 700, 2, '2022-08-25'),
(1376, 27, 2, 11, NULL, 400, 1, '2022-08-25'),
(1377, 62, 4, 11, NULL, 350, 1, '2022-08-25'),
(1378, 27, 3, 10, NULL, 400, 1, '2022-08-26'),
(1379, 43, 6, 6, NULL, 600, 2, '2022-08-26'),
(1380, 17, 6, 5, NULL, 900, 3, '2022-08-26'),
(1381, 77, 2, 3, 3, 400, 1, '2022-08-26'),
(1382, 58, 4, 1, 1, 400, 1, '2022-08-27'),
(1383, 46, 6, 11, NULL, 2000, 5, '2022-08-27'),
(1384, 42, 5, 1, 1, 300, 1, '2022-08-27'),
(1385, 52, 5, 10, NULL, 900, 3, '2022-08-27'),
(1386, 61, 5, 11, NULL, 800, 2, '2022-08-27'),
(1387, 2, 2, 3, 3, 1400, 4, '2022-08-28'),
(1388, 14, 3, 1, 1, 1400, 4, '2022-08-28'),
(1389, 57, 3, 2, 2, 1600, 4, '2022-08-28'),
(1390, 41, 2, 1, 1, 900, 3, '2022-08-28'),
(1391, 15, 3, 5, NULL, 1400, 4, '2022-08-28'),
(1392, 62, 4, 11, NULL, 1400, 4, '2022-08-29'),
(1393, 41, 1, 2, 2, 300, 1, '2022-08-29'),
(1394, 38, 4, 3, 3, 350, 1, '2022-08-29'),
(1395, 11, 2, 1, 1, 900, 3, '2022-08-30'),
(1396, 54, 5, 11, NULL, 1200, 4, '2022-08-30'),
(1397, 57, 1, 2, 2, 400, 1, '2022-08-30'),
(1398, 7, 3, 4, 4, 350, 1, '2022-08-31'),
(1399, 71, 5, 11, NULL, 1750, 5, '2022-08-31'),
(1400, 29, 1, 6, NULL, 1200, 3, '2022-08-31'),
(1401, 20, 4, 2, 2, 1750, 5, '2022-09-01'),
(1402, 35, 5, 9, NULL, 800, 2, '2022-09-01'),
(1403, 21, 5, 4, 4, 1400, 4, '2022-09-01'),
(1404, 68, 1, 7, NULL, 1050, 3, '2022-09-01'),
(1405, 25, 5, 2, 2, 1600, 4, '2022-09-01'),
(1406, 47, 2, 5, NULL, 1600, 4, '2022-09-01'),
(1407, 30, 1, 7, NULL, 2000, 5, '2022-09-02'),
(1408, 44, 6, 3, 3, 1200, 3, '2022-09-02'),
(1409, 76, 6, 1, 1, 2000, 5, '2022-09-02'),
(1410, 47, 5, 1, 1, 800, 2, '2022-09-02'),
(1411, 39, 3, 10, NULL, 700, 2, '2022-09-02'),
(1412, 34, 1, 1, 1, 800, 2, '2022-09-02'),
(1413, 81, 2, 4, 4, 2000, 5, '2022-09-03'),
(1414, 48, 6, 1, 1, 1600, 4, '2022-09-03'),
(1415, 22, 3, 3, 3, 400, 1, '2022-09-03'),
(1416, 32, 3, 3, 3, 1600, 4, '2022-09-04'),
(1417, 22, 2, 5, NULL, 800, 2, '2022-09-04'),
(1418, 43, 6, 2, 2, 900, 3, '2022-09-04'),
(1419, 6, 3, 2, 2, 700, 2, '2022-09-04'),
(1420, 60, 3, 1, 1, 400, 1, '2022-09-05'),
(1421, 47, 6, 11, NULL, 1600, 4, '2022-09-05'),
(1422, 70, 1, 11, NULL, 1400, 4, '2022-09-05'),
(1423, 75, 5, 2, 2, 1200, 4, '2022-09-05'),
(1424, 38, 2, 3, 3, 700, 2, '2022-09-06'),
(1425, 11, 6, 3, 3, 900, 3, '2022-09-06'),
(1426, 67, 5, 11, NULL, 400, 1, '2022-09-06'),
(1427, 7, 4, 12, NULL, 1750, 5, '2022-09-06'),
(1428, 51, 1, 4, 4, 600, 2, '2022-09-07'),
(1429, 19, 1, 6, NULL, 1200, 4, '2022-09-07'),
(1430, 36, 3, 10, NULL, 1600, 4, '2022-09-07'),
(1431, 31, 2, 1, 1, 800, 2, '2022-09-07'),
(1432, 61, 1, 1, 1, 400, 1, '2022-09-08'),
(1433, 51, 6, 7, NULL, 900, 3, '2022-09-08'),
(1434, 53, 2, 6, NULL, 1200, 4, '2022-09-08'),
(1435, 24, 3, 2, 2, 2000, 5, '2022-09-08'),
(1436, 56, 1, 2, 2, 1200, 3, '2022-09-08'),
(1437, 50, 5, 10, NULL, 350, 1, '2022-09-08'),
(1438, 79, 1, 7, NULL, 400, 1, '2022-09-08'),
(1439, 30, 1, 1, 1, 400, 1, '2022-09-09'),
(1440, 21, 1, 10, NULL, 700, 2, '2022-09-09'),
(1441, 9, 4, 11, NULL, 1400, 4, '2022-09-09'),
(1442, 54, 5, 5, NULL, 600, 2, '2022-09-09'),
(1443, 59, 6, 6, NULL, 1200, 3, '2022-09-09'),
(1444, 80, 3, 7, NULL, 800, 2, '2022-09-09'),
(1445, 39, 4, 3, 3, 1750, 5, '2022-09-10'),
(1446, 23, 5, 10, NULL, 400, 1, '2022-09-10'),
(1447, 21, 3, 5, NULL, 350, 1, '2022-09-10'),
(1448, 49, 1, 3, 3, 1050, 3, '2022-09-11'),
(1449, 45, 6, 2, 2, 1200, 3, '2022-09-11'),
(1450, 53, 6, 2, 2, 1200, 4, '2022-09-12'),
(1451, 40, 2, 3, 3, 600, 2, '2022-09-12'),
(1452, 72, 3, 4, 4, 1200, 4, '2022-09-12'),
(1453, 21, 1, 6, NULL, 350, 1, '2022-09-12'),
(1454, 58, 4, 9, NULL, 1200, 3, '2022-09-13'),
(1455, 61, 1, 9, NULL, 1600, 4, '2022-09-13'),
(1456, 3, 5, 3, 3, 1050, 3, '2022-09-13'),
(1457, 66, 3, 2, 2, 800, 2, '2022-09-13'),
(1458, 53, 2, 6, NULL, 1200, 4, '2022-09-14'),
(1459, 70, 4, 6, NULL, 1050, 3, '2022-09-14'),
(1460, 9, 3, 2, 2, 700, 2, '2022-09-14'),
(1461, 31, 4, 5, NULL, 2000, 5, '2022-09-14'),
(1462, 35, 3, 10, NULL, 1200, 3, '2022-09-15'),
(1463, 59, 3, 1, 1, 800, 2, '2022-09-15'),
(1464, 29, 3, 11, NULL, 400, 1, '2022-09-15'),
(1465, 76, 2, 1, 1, 1600, 4, '2022-09-15'),
(1466, 11, 2, 7, NULL, 600, 2, '2022-09-15'),
(1467, 67, 4, 4, 4, 400, 1, '2022-09-16'),
(1468, 48, 6, 4, 4, 2000, 5, '2022-09-16'),
(1469, 46, 4, 1, 1, 2000, 5, '2022-09-16'),
(1470, 62, 5, 3, 3, 1750, 5, '2022-09-17'),
(1471, 65, 2, 6, NULL, 350, 1, '2022-09-17'),
(1472, 71, 2, 12, NULL, 1750, 5, '2022-09-17'),
(1473, 69, 1, 11, NULL, 1750, 5, '2022-09-17'),
(1474, 7, 4, 1, 1, 1050, 3, '2022-09-18'),
(1475, 69, 1, 1, 1, 1050, 3, '2022-09-18'),
(1476, 12, 6, 5, NULL, 1500, 5, '2022-09-18'),
(1477, 30, 5, 2, 2, 2000, 5, '2022-09-18'),
(1478, 40, 5, 4, 4, 1200, 4, '2022-09-18'),
(1479, 66, 6, 1, 1, 1200, 3, '2022-09-18'),
(1480, 60, 5, 4, 4, 800, 2, '2022-09-19'),
(1481, 18, 3, 11, NULL, 1200, 4, '2022-09-19'),
(1482, 60, 2, 11, NULL, 800, 2, '2022-09-19'),
(1483, 28, 5, 5, NULL, 800, 2, '2022-09-19'),
(1484, 27, 3, 10, NULL, 1600, 4, '2022-09-19'),
(1485, 64, 6, 1, 1, 1750, 5, '2022-09-19'),
(1486, 43, 4, 9, NULL, 600, 2, '2022-09-20'),
(1487, 32, 4, 6, NULL, 400, 1, '2022-09-20'),
(1488, 46, 6, 5, NULL, 800, 2, '2022-09-20'),
(1489, 64, 3, 5, NULL, 350, 1, '2022-09-20'),
(1490, 26, 1, 3, 3, 1200, 3, '2022-09-20'),
(1491, 9, 4, 3, 3, 700, 2, '2022-09-20'),
(1492, 19, 4, 7, NULL, 600, 2, '2022-09-20'),
(1493, 65, 1, 7, NULL, 1750, 5, '2022-09-21'),
(1494, 43, 2, 10, NULL, 1200, 4, '2022-09-21'),
(1495, 59, 2, 5, NULL, 400, 1, '2022-09-21'),
(1496, 77, 6, 3, 3, 1600, 4, '2022-09-22'),
(1497, 4, 4, 11, NULL, 1400, 4, '2022-09-22'),
(1498, 23, 4, 5, NULL, 1600, 4, '2022-09-22'),
(1499, 8, 3, 10, NULL, 1400, 4, '2022-09-23'),
(1500, 26, 3, 1, 1, 1600, 4, '2022-09-23'),
(1501, 78, 6, 7, NULL, 1600, 4, '2022-09-23'),
(1502, 6, 6, 3, 3, 700, 2, '2022-09-23'),
(1503, 4, 5, 1, 1, 1050, 3, '2022-09-24'),
(1504, 19, 2, 11, NULL, 300, 1, '2022-09-24'),
(1505, 18, 1, 1, 1, 300, 1, '2022-09-24'),
(1506, 4, 6, 3, 3, 1750, 5, '2022-09-25'),
(1507, 61, 2, 4, 4, 1600, 4, '2022-09-25'),
(1508, 79, 6, 3, 3, 2000, 5, '2022-09-25'),
(1509, 37, 1, 3, 3, 800, 2, '2022-09-25'),
(1510, 8, 4, 7, NULL, 350, 1, '2022-09-25'),
(1511, 14, 3, 3, 3, 1750, 5, '2022-09-25'),
(1512, 2, 6, 3, 3, 1400, 4, '2022-09-26'),
(1513, 46, 2, 2, 2, 400, 1, '2022-09-26'),
(1514, 53, 3, 10, NULL, 1500, 5, '2022-09-26'),
(1515, 37, 1, 10, NULL, 2000, 5, '2022-09-27'),
(1516, 3, 1, 1, 1, 1400, 4, '2022-09-27'),
(1517, 24, 5, 4, 4, 1600, 4, '2022-09-27'),
(1518, 44, 3, 4, 4, 1600, 4, '2022-09-27'),
(1519, 54, 2, 3, 3, 600, 2, '2022-09-27'),
(1520, 31, 3, 9, NULL, 400, 1, '2022-09-28'),
(1521, 62, 5, 9, NULL, 1400, 4, '2022-09-28'),
(1522, 60, 6, 6, NULL, 800, 2, '2022-09-28'),
(1523, 74, 5, 10, NULL, 1200, 4, '2022-09-28'),
(1524, 49, 5, 7, NULL, 350, 1, '2022-09-28'),
(1525, 35, 6, 11, NULL, 1200, 3, '2022-09-29'),
(1526, 59, 2, 6, NULL, 400, 1, '2022-09-29'),
(1527, 80, 3, 4, 4, 2000, 5, '2022-09-29'),
(1528, 71, 3, 4, 4, 350, 1, '2022-09-29'),
(1529, 66, 3, 4, 4, 800, 2, '2022-09-29'),
(1530, 12, 6, 9, NULL, 1200, 4, '2022-09-29'),
(1531, 68, 6, 5, NULL, 1050, 3, '2022-09-29'),
(1532, 27, 6, 3, 3, 2000, 5, '2022-09-30'),
(1533, 44, 6, 10, NULL, 800, 2, '2022-09-30'),
(1534, 36, 3, 11, NULL, 1200, 3, '2022-09-30'),
(1535, 51, 4, 11, NULL, 1200, 4, '2022-10-01'),
(1536, 52, 1, 3, 3, 1500, 5, '2022-10-01'),
(1537, 15, 1, 11, NULL, 1400, 4, '2022-10-01'),
(1538, 6, 2, 4, 4, 1400, 4, '2022-10-01'),
(1539, 64, 5, 1, 1, 700, 2, '2022-10-01'),
(1540, 17, 4, 11, NULL, 300, 1, '2022-10-01'),
(1541, 78, 3, 4, 4, 2000, 5, '2022-10-01'),
(1542, 10, 1, 10, NULL, 1500, 5, '2022-10-02'),
(1543, 29, 4, 11, NULL, 2000, 5, '2022-10-02'),
(1544, 43, 2, 2, 2, 900, 3, '2022-10-02'),
(1545, 3, 3, 11, NULL, 1400, 4, '2022-10-02'),
(1546, 5, 4, 7, NULL, 1400, 4, '2022-10-02'),
(1547, 61, 1, 3, 3, 1200, 3, '2022-10-02'),
(1548, 65, 3, 4, 4, 1050, 3, '2022-10-03'),
(1549, 62, 1, 3, 3, 1050, 3, '2022-10-03'),
(1550, 62, 5, 4, 4, 350, 1, '2022-10-03'),
(1551, 13, 4, 11, NULL, 600, 2, '2022-10-03'),
(1552, 75, 5, 11, NULL, 1500, 5, '2022-10-03'),
(1553, 48, 3, 2, 2, 800, 2, '2022-10-03'),
(1554, 6, 4, 1, 1, 700, 2, '2022-10-03'),
(1555, 2, 5, 5, NULL, 1400, 4, '2022-10-04'),
(1556, 54, 3, 5, NULL, 600, 2, '2022-10-04'),
(1557, 60, 1, 5, NULL, 800, 2, '2022-10-04'),
(1558, 39, 3, 3, 3, 1400, 4, '2022-10-04'),
(1559, 5, 2, 2, 2, 1400, 4, '2022-10-04'),
(1560, 32, 2, 10, NULL, 2000, 5, '2022-10-05'),
(1561, 23, 5, 5, NULL, 400, 1, '2022-10-05'),
(1562, 13, 1, 6, NULL, 1500, 5, '2022-10-05'),
(1563, 14, 1, 11, NULL, 1050, 3, '2022-10-05'),
(1564, 29, 4, 6, NULL, 2000, 5, '2022-10-06'),
(1565, 50, 5, 10, NULL, 700, 2, '2022-10-06'),
(1566, 66, 1, 10, NULL, 1200, 3, '2022-10-06'),
(1567, 38, 4, 11, NULL, 1050, 3, '2022-10-06'),
(1568, 5, 2, 5, NULL, 1750, 5, '2022-10-06'),
(1569, 81, 1, 9, NULL, 800, 2, '2022-10-06'),
(1570, 80, 4, 7, NULL, 800, 2, '2022-10-06'),
(1571, 23, 1, 1, 1, 2000, 5, '2022-10-07'),
(1572, 44, 6, 1, 1, 1200, 3, '2022-10-07'),
(1573, 50, 3, 11, NULL, 350, 1, '2022-10-07'),
(1574, 36, 5, 4, 4, 2000, 5, '2022-10-07'),
(1575, 22, 1, 10, NULL, 1600, 4, '2022-10-08'),
(1576, 7, 1, 3, 3, 700, 2, '2022-10-08'),
(1577, 17, 4, 2, 2, 900, 3, '2022-10-08'),
(1578, 33, 1, 1, 1, 1200, 3, '2022-10-08'),
(1579, 78, 1, 4, 4, 2000, 5, '2022-10-09'),
(1580, 34, 3, 3, 3, 1600, 4, '2022-10-09'),
(1581, 64, 1, 5, NULL, 700, 2, '2022-10-09'),
(1582, 23, 6, 11, NULL, 2000, 5, '2022-10-09'),
(1583, 43, 3, 4, 4, 300, 1, '2022-10-09'),
(1584, 27, 4, 2, 2, 1200, 3, '2022-10-09'),
(1585, 70, 2, 3, 3, 1400, 4, '2022-10-09'),
(1586, 57, 4, 5, NULL, 800, 2, '2022-10-10'),
(1587, 17, 3, 7, NULL, 600, 2, '2022-10-10'),
(1588, 68, 4, 1, 1, 1400, 4, '2022-10-10'),
(1589, 42, 3, 1, 1, 900, 3, '2022-10-11'),
(1590, 78, 4, 12, NULL, 1200, 3, '2022-10-11'),
(1591, 28, 4, 10, NULL, 1600, 4, '2022-10-11'),
(1592, 20, 6, 1, 1, 1750, 5, '2022-10-11'),
(1593, 17, 4, 10, NULL, 1500, 5, '2022-10-11'),
(1594, 28, 5, 3, 3, 400, 1, '2022-10-11'),
(1595, 9, 5, 3, 3, 1050, 3, '2022-10-12'),
(1596, 67, 2, 1, 1, 2000, 5, '2022-10-12'),
(1597, 26, 5, 3, 3, 800, 2, '2022-10-12'),
(1598, 77, 6, 7, NULL, 1600, 4, '2022-10-12'),
(1599, 32, 4, 2, 2, 1200, 3, '2022-10-12'),
(1600, 15, 6, 10, NULL, 700, 2, '2022-10-13'),
(1601, 27, 5, 1, 1, 1200, 3, '2022-10-13'),
(1602, 80, 2, 1, 1, 800, 2, '2022-10-13'),
(1603, 64, 3, 11, NULL, 1400, 4, '2022-10-13'),
(1604, 42, 6, 3, 3, 300, 1, '2022-10-13'),
(1605, 77, 2, 11, NULL, 1200, 3, '2022-10-13'),
(1606, 23, 5, 7, NULL, 1200, 3, '2022-10-14'),
(1607, 9, 4, 12, NULL, 1050, 3, '2022-10-14'),
(1608, 11, 1, 11, NULL, 1500, 5, '2022-10-14'),
(1609, 17, 3, 11, NULL, 600, 2, '2022-10-14'),
(1610, 1, 6, 2, 2, 1750, 5, '2022-10-14'),
(1611, 67, 3, 8, NULL, 800, 2, '2022-10-14'),
(1612, 45, 5, 3, 3, 1200, 3, '2022-10-15'),
(1613, 5, 1, 2, 2, 1050, 3, '2022-10-15'),
(1614, 64, 3, 4, 4, 1050, 3, '2022-10-15'),
(1615, 56, 2, 10, NULL, 1200, 3, '2022-10-15'),
(1616, 45, 6, 10, NULL, 400, 1, '2022-10-15'),
(1617, 65, 1, 3, 3, 1050, 3, '2022-10-16'),
(1618, 77, 2, 4, 4, 1200, 3, '2022-10-16'),
(1619, 1, 3, 1, 1, 1750, 5, '2022-10-16'),
(1620, 45, 5, 11, NULL, 2000, 5, '2022-10-16'),
(1621, 81, 6, 4, 4, 800, 2, '2022-10-16'),
(1622, 7, 3, 1, 1, 700, 2, '2022-10-16'),
(1623, 28, 3, 11, NULL, 400, 1, '2022-10-17'),
(1624, 65, 5, 3, 3, 1050, 3, '2022-10-17'),
(1625, 59, 1, 7, NULL, 800, 2, '2022-10-17'),
(1626, 79, 3, 4, 4, 1200, 3, '2022-10-17'),
(1627, 3, 3, 3, 3, 700, 2, '2022-10-17'),
(1628, 67, 1, 5, NULL, 1200, 3, '2022-10-18'),
(1629, 4, 2, 3, 3, 350, 1, '2022-10-18'),
(1630, 2, 2, 2, 2, 700, 2, '2022-10-18'),
(1631, 80, 3, 5, NULL, 1600, 4, '2022-10-18'),
(1632, 25, 6, 11, NULL, 1200, 3, '2022-10-18'),
(1633, 31, 3, 4, 4, 800, 2, '2022-10-19'),
(1634, 23, 2, 10, NULL, 2000, 5, '2022-10-19'),
(1635, 47, 4, 11, NULL, 1600, 4, '2022-10-19'),
(1636, 76, 4, 1, 1, 1600, 4, '2022-10-19'),
(1637, 18, 6, 5, NULL, 300, 1, '2022-10-20'),
(1638, 59, 5, 4, 4, 1200, 3, '2022-10-20'),
(1639, 48, 5, 3, 3, 800, 2, '2022-10-20'),
(1640, 18, 1, 10, NULL, 600, 2, '2022-10-20'),
(1641, 43, 5, 6, NULL, 300, 1, '2022-10-21'),
(1642, 57, 3, 1, 1, 1600, 4, '2022-10-21'),
(1643, 66, 4, 2, 2, 1200, 3, '2022-10-21'),
(1644, 10, 4, 1, 1, 600, 2, '2022-10-22'),
(1645, 74, 1, 7, NULL, 1200, 4, '2022-10-22'),
(1646, 16, 5, 5, NULL, 900, 3, '2022-10-22'),
(1647, 36, 2, 11, NULL, 1600, 4, '2022-10-23'),
(1648, 14, 2, 4, 4, 1050, 3, '2022-10-23'),
(1649, 72, 1, 11, NULL, 300, 1, '2022-10-23'),
(1650, 60, 4, 9, NULL, 1200, 3, '2022-10-23'),
(1651, 72, 4, 2, 2, 900, 3, '2022-10-23'),
(1652, 22, 1, 3, 3, 400, 1, '2022-10-24'),
(1653, 20, 4, 10, NULL, 1400, 4, '2022-10-24'),
(1654, 60, 2, 10, NULL, 1600, 4, '2022-10-24'),
(1655, 30, 1, 6, NULL, 800, 2, '2022-10-25'),
(1656, 27, 4, 3, 3, 1600, 4, '2022-10-25'),
(1657, 79, 2, 7, NULL, 1600, 4, '2022-10-25'),
(1658, 37, 3, 5, NULL, 1600, 4, '2022-10-25'),
(1659, 27, 5, 10, NULL, 2000, 5, '2022-10-26'),
(1660, 8, 4, 8, NULL, 1050, 3, '2022-10-26'),
(1661, 2, 4, 9, NULL, 1400, 4, '2022-10-26'),
(1662, 63, 3, 11, NULL, 1400, 4, '2022-10-26'),
(1663, 22, 2, 1, 1, 2000, 5, '2022-10-27'),
(1664, 39, 6, 2, 2, 1400, 4, '2022-10-27'),
(1665, 32, 1, 7, NULL, 1600, 4, '2022-10-27'),
(1666, 17, 5, 4, 4, 600, 2, '2022-10-28'),
(1667, 31, 3, 9, NULL, 1600, 4, '2022-10-28'),
(1668, 34, 1, 1, 1, 800, 2, '2022-10-28'),
(1669, 77, 5, 11, NULL, 800, 2, '2022-10-29'),
(1670, 20, 3, 11, NULL, 1050, 3, '2022-10-29'),
(1671, 49, 4, 11, NULL, 1050, 3, '2022-10-29'),
(1672, 12, 4, 6, NULL, 600, 2, '2022-10-29'),
(1673, 12, 1, 5, NULL, 1500, 5, '2022-10-29'),
(1674, 33, 3, 4, 4, 1600, 4, '2022-10-29'),
(1675, 57, 2, 3, 3, 1200, 3, '2022-10-30'),
(1676, 53, 2, 3, 3, 300, 1, '2022-10-30'),
(1677, 16, 4, 4, 4, 1500, 5, '2022-10-30'),
(1678, 12, 6, 3, 3, 300, 1, '2022-10-30'),
(1679, 21, 4, 1, 1, 1400, 4, '2022-10-30'),
(1680, 68, 1, 11, NULL, 1750, 5, '2022-10-30'),
(1681, 16, 1, 4, 4, 300, 1, '2022-10-31'),
(1682, 16, 2, 7, NULL, 300, 1, '2022-10-31'),
(1683, 51, 3, 3, 3, 1200, 4, '2022-10-31'),
(1684, 25, 1, 2, 2, 2000, 5, '2022-10-31'),
(1685, 70, 3, 11, NULL, 350, 1, '2022-11-01'),
(1686, 23, 4, 11, NULL, 2000, 5, '2022-11-01'),
(1687, 48, 1, 3, 3, 1600, 4, '2022-11-01'),
(1688, 8, 1, 4, 4, 1750, 5, '2022-11-01'),
(1689, 17, 3, 10, NULL, 1200, 4, '2022-11-01'),
(1690, 55, 5, 1, 1, 1600, 4, '2022-11-01'),
(1691, 57, 2, 4, 4, 1600, 4, '2022-11-01'),
(1692, 5, 2, 3, 3, 1050, 3, '2022-11-02'),
(1693, 38, 6, 5, NULL, 350, 1, '2022-11-02'),
(1694, 49, 4, 11, NULL, 350, 1, '2022-11-02'),
(1695, 70, 5, 5, NULL, 1750, 5, '2022-11-02'),
(1696, 16, 2, 3, 3, 600, 2, '2022-11-02'),
(1697, 17, 2, 3, 3, 300, 1, '2022-11-03'),
(1698, 69, 2, 11, NULL, 350, 1, '2022-11-03'),
(1699, 34, 1, 1, 1, 1600, 4, '2022-11-03'),
(1700, 18, 6, 3, 3, 300, 1, '2022-11-03'),
(1701, 76, 1, 9, NULL, 800, 2, '2022-11-03'),
(1702, 50, 4, 11, NULL, 1050, 3, '2022-11-03'),
(1703, 67, 4, 1, 1, 400, 1, '2022-11-04'),
(1704, 34, 1, 10, NULL, 2000, 5, '2022-11-04'),
(1705, 43, 2, 10, NULL, 1200, 4, '2022-11-04'),
(1706, 43, 4, 1, 1, 600, 2, '2022-11-04'),
(1707, 46, 4, 10, NULL, 400, 1, '2022-11-04'),
(1708, 77, 5, 4, 4, 1200, 3, '2022-11-05'),
(1709, 55, 5, 6, NULL, 1200, 3, '2022-11-05'),
(1710, 53, 4, 3, 3, 900, 3, '2022-11-05'),
(1711, 65, 5, 1, 1, 700, 2, '2022-11-05'),
(1712, 17, 2, 10, NULL, 900, 3, '2022-11-05'),
(1713, 11, 4, 11, NULL, 1500, 5, '2022-11-05'),
(1714, 58, 4, 6, NULL, 1200, 3, '2022-11-06'),
(1715, 39, 2, 11, NULL, 700, 2, '2022-11-06'),
(1716, 46, 1, 6, NULL, 1600, 4, '2022-11-06'),
(1717, 27, 4, 4, 4, 1600, 4, '2022-11-06'),
(1718, 20, 6, 9, NULL, 700, 2, '2022-11-06'),
(1719, 55, 5, 1, 1, 1600, 4, '2022-11-06'),
(1720, 35, 1, 2, 2, 1200, 3, '2022-11-07'),
(1721, 68, 1, 9, NULL, 1050, 3, '2022-11-07'),
(1722, 28, 5, 5, NULL, 1200, 3, '2022-11-07'),
(1723, 38, 4, 9, NULL, 1400, 4, '2022-11-08'),
(1724, 28, 6, 4, 4, 400, 1, '2022-11-08'),
(1725, 78, 6, 4, 4, 2000, 5, '2022-11-08'),
(1726, 64, 3, 3, 3, 1400, 4, '2022-11-09'),
(1727, 56, 3, 10, NULL, 1600, 4, '2022-11-09'),
(1728, 49, 5, 10, NULL, 1400, 4, '2022-11-09'),
(1729, 53, 5, 11, NULL, 1200, 4, '2022-11-09'),
(1730, 7, 4, 4, 4, 1400, 4, '2022-11-09'),
(1731, 79, 5, 7, NULL, 2000, 5, '2022-11-09'),
(1732, 54, 1, 2, 2, 1200, 4, '2022-11-10'),
(1733, 28, 1, 5, NULL, 1600, 4, '2022-11-10'),
(1734, 12, 4, 4, 4, 1500, 5, '2022-11-10'),
(1735, 47, 4, 10, NULL, 1200, 3, '2022-11-10'),
(1736, 24, 5, 4, 4, 400, 1, '2022-11-11'),
(1737, 11, 1, 6, NULL, 600, 2, '2022-11-11'),
(1738, 54, 5, 3, 3, 900, 3, '2022-11-11'),
(1739, 57, 4, 10, NULL, 400, 1, '2022-11-11'),
(1740, 69, 5, 3, 3, 700, 2, '2022-11-11'),
(1741, 22, 1, 3, 3, 1600, 4, '2022-11-11'),
(1742, 53, 6, 2, 2, 900, 3, '2022-11-11'),
(1743, 13, 6, 11, NULL, 1200, 4, '2022-11-12'),
(1744, 12, 5, 11, NULL, 900, 3, '2022-11-12'),
(1745, 72, 5, 5, NULL, 900, 3, '2022-11-12'),
(1746, 45, 3, 9, NULL, 400, 1, '2022-11-12'),
(1747, 21, 6, 5, NULL, 700, 2, '2022-11-12'),
(1748, 80, 2, 11, NULL, 800, 2, '2022-11-13'),
(1749, 28, 6, 2, 2, 400, 1, '2022-11-13'),
(1750, 49, 6, 3, 3, 1750, 5, '2022-11-13'),
(1751, 53, 3, 10, NULL, 1200, 4, '2022-11-14'),
(1752, 15, 5, 5, NULL, 700, 2, '2022-11-14'),
(1753, 10, 1, 2, 2, 900, 3, '2022-11-14'),
(1754, 47, 6, 2, 2, 1600, 4, '2022-11-14'),
(1755, 2, 3, 3, 3, 350, 1, '2022-11-14'),
(1756, 64, 2, 5, NULL, 350, 1, '2022-11-15'),
(1757, 80, 4, 2, 2, 1200, 3, '2022-11-15'),
(1758, 21, 3, 2, 2, 1750, 5, '2022-11-16'),
(1759, 65, 4, 5, NULL, 1050, 3, '2022-11-16'),
(1760, 21, 1, 4, 4, 1050, 3, '2022-11-16'),
(1761, 5, 2, 2, 2, 1050, 3, '2022-11-16'),
(1762, 6, 3, 6, NULL, 350, 1, '2022-11-16'),
(1763, 73, 5, 3, 3, 900, 3, '2022-11-16'),
(1764, 64, 3, 3, 3, 1400, 4, '2022-11-16'),
(1765, 4, 4, 3, 3, 1750, 5, '2022-11-17'),
(1766, 39, 1, 2, 2, 1400, 4, '2022-11-17'),
(1767, 21, 2, 5, NULL, 1750, 5, '2022-11-17'),
(1768, 38, 2, 7, NULL, 1750, 5, '2022-11-18'),
(1769, 59, 1, 1, 1, 1200, 3, '2022-11-18'),
(1770, 59, 2, 7, NULL, 1200, 3, '2022-11-18'),
(1771, 38, 5, 4, 4, 1750, 5, '2022-11-18'),
(1772, 50, 1, 3, 3, 350, 1, '2022-11-19'),
(1773, 14, 4, 3, 3, 700, 2, '2022-11-19'),
(1774, 24, 3, 5, NULL, 2000, 5, '2022-11-19'),
(1775, 2, 1, 2, 2, 350, 1, '2022-11-19'),
(1776, 53, 1, 10, NULL, 1200, 4, '2022-11-20'),
(1777, 76, 5, 7, NULL, 1600, 4, '2022-11-20'),
(1778, 66, 1, 9, NULL, 2000, 5, '2022-11-21'),
(1779, 44, 4, 8, NULL, 400, 1, '2022-11-21'),
(1780, 78, 4, 1, 1, 1200, 3, '2022-11-21'),
(1781, 72, 2, 1, 1, 600, 2, '2022-11-22'),
(1782, 73, 6, 11, NULL, 1200, 4, '2022-11-22'),
(1783, 54, 5, 3, 3, 1200, 4, '2022-11-22'),
(1784, 33, 4, 11, NULL, 400, 1, '2022-11-22'),
(1785, 28, 1, 4, 4, 1600, 4, '2022-11-23'),
(1786, 53, 5, 11, NULL, 900, 3, '2022-11-23'),
(1787, 56, 1, 11, NULL, 400, 1, '2022-11-23'),
(1788, 8, 5, 11, NULL, 700, 2, '2022-11-23'),
(1789, 2, 1, 10, NULL, 1750, 5, '2022-11-23'),
(1790, 45, 1, 4, 4, 2000, 5, '2022-11-23'),
(1791, 63, 5, 9, NULL, 700, 2, '2022-11-24'),
(1792, 13, 4, 4, 4, 300, 1, '2022-11-24'),
(1793, 48, 1, 3, 3, 800, 2, '2022-11-24'),
(1794, 23, 1, 3, 3, 1200, 3, '2022-11-24'),
(1795, 73, 4, 10, NULL, 900, 3, '2022-11-24'),
(1796, 77, 1, 11, NULL, 1200, 3, '2022-11-25'),
(1797, 53, 2, 1, 1, 900, 3, '2022-11-25'),
(1798, 59, 4, 3, 3, 400, 1, '2022-11-25'),
(1799, 59, 3, 10, NULL, 400, 1, '2022-11-26'),
(1800, 33, 6, 1, 1, 400, 1, '2022-11-26'),
(1801, 53, 2, 9, NULL, 600, 2, '2022-11-26'),
(1802, 56, 2, 2, 2, 2000, 5, '2022-11-27'),
(1803, 70, 5, 3, 3, 1050, 3, '2022-11-27'),
(1804, 30, 1, 1, 1, 1600, 4, '2022-11-27'),
(1805, 13, 1, 3, 3, 900, 3, '2022-11-28'),
(1806, 25, 1, 1, 1, 800, 2, '2022-11-28'),
(1807, 55, 5, 3, 3, 1600, 4, '2022-11-28'),
(1808, 20, 1, 5, NULL, 350, 1, '2022-11-28'),
(1809, 16, 3, 2, 2, 300, 1, '2022-11-29'),
(1810, 18, 6, 10, NULL, 600, 2, '2022-11-29'),
(1811, 41, 6, 6, NULL, 1500, 5, '2022-11-29'),
(1812, 61, 3, 1, 1, 2000, 5, '2022-11-29'),
(1813, 4, 5, 3, 3, 1400, 4, '2022-11-30'),
(1814, 76, 3, 9, NULL, 2000, 5, '2022-11-30'),
(1815, 68, 6, 11, NULL, 350, 1, '2022-11-30'),
(1816, 30, 2, 6, NULL, 1600, 4, '2022-11-30'),
(1817, 68, 6, 4, 4, 700, 2, '2022-11-30'),
(1818, 36, 5, 5, NULL, 2000, 5, '2022-11-30'),
(1819, 48, 2, 4, 4, 800, 2, '2022-11-30'),
(1820, 27, 6, 2, 2, 1200, 3, '2022-12-01'),
(1821, 69, 4, 5, NULL, 1400, 4, '2022-12-01'),
(1822, 10, 3, 2, 2, 600, 2, '2022-12-01'),
(1823, 50, 1, 7, NULL, 1400, 4, '2022-12-02'),
(1824, 13, 1, 2, 2, 1500, 5, '2022-12-02'),
(1825, 16, 3, 1, 1, 300, 1, '2022-12-02'),
(1826, 57, 1, 11, NULL, 2000, 5, '2022-12-03'),
(1827, 38, 1, 3, 3, 350, 1, '2022-12-03'),
(1828, 35, 2, 3, 3, 2000, 5, '2022-12-03'),
(1829, 8, 3, 10, NULL, 350, 1, '2022-12-03'),
(1830, 68, 1, 7, NULL, 1400, 4, '2022-12-03'),
(1831, 74, 2, 8, NULL, 900, 3, '2022-12-04'),
(1832, 29, 5, 2, 2, 2000, 5, '2022-12-04'),
(1833, 48, 2, 1, 1, 400, 1, '2022-12-04'),
(1834, 51, 6, 6, NULL, 300, 1, '2022-12-04'),
(1835, 19, 2, 5, NULL, 600, 2, '2022-12-04'),
(1836, 65, 3, 11, NULL, 1750, 5, '2022-12-05'),
(1837, 15, 1, 2, 2, 350, 1, '2022-12-05'),
(1838, 48, 1, 5, NULL, 1600, 4, '2022-12-05'),
(1839, 17, 1, 10, NULL, 1500, 5, '2022-12-05'),
(1840, 18, 1, 11, NULL, 1200, 4, '2022-12-05'),
(1841, 2, 2, 10, NULL, 350, 1, '2022-12-06'),
(1842, 9, 4, 12, NULL, 1050, 3, '2022-12-06'),
(1843, 19, 2, 9, NULL, 300, 1, '2022-12-06'),
(1844, 78, 4, 11, NULL, 1600, 4, '2022-12-06'),
(1845, 59, 4, 4, 4, 400, 1, '2022-12-06'),
(1846, 58, 5, 5, NULL, 2000, 5, '2022-12-06'),
(1847, 14, 6, 8, NULL, 1400, 4, '2022-12-07'),
(1848, 17, 3, 6, NULL, 600, 2, '2022-12-07'),
(1849, 5, 5, 5, NULL, 700, 2, '2022-12-07'),
(1850, 68, 5, 1, 1, 1050, 3, '2022-12-07'),
(1851, 27, 4, 11, NULL, 2000, 5, '2022-12-07'),
(1852, 26, 4, 5, NULL, 1200, 3, '2022-12-08'),
(1853, 51, 2, 11, NULL, 1500, 5, '2022-12-08'),
(1854, 4, 4, 10, NULL, 1400, 4, '2022-12-08'),
(1855, 20, 6, 2, 2, 350, 1, '2022-12-08'),
(1856, 55, 5, 11, NULL, 1600, 4, '2022-12-08'),
(1857, 31, 4, 4, 4, 2000, 5, '2022-12-08'),
(1858, 18, 6, 10, NULL, 300, 1, '2022-12-09'),
(1859, 1, 4, 5, NULL, 350, 1, '2022-12-09'),
(1860, 7, 6, 5, NULL, 350, 1, '2022-12-09'),
(1861, 17, 1, 3, 3, 1500, 5, '2022-12-09'),
(1862, 55, 2, 1, 1, 1600, 4, '2022-12-09'),
(1863, 69, 5, 1, 1, 700, 2, '2022-12-09'),
(1864, 20, 4, 10, NULL, 350, 1, '2022-12-10'),
(1865, 63, 1, 1, 1, 700, 2, '2022-12-10'),
(1866, 30, 5, 6, NULL, 800, 2, '2022-12-10'),
(1867, 39, 5, 3, 3, 1400, 4, '2022-12-10'),
(1868, 4, 2, 4, 4, 350, 1, '2022-12-10'),
(1869, 67, 6, 1, 1, 2000, 5, '2022-12-11'),
(1870, 22, 5, 5, NULL, 800, 2, '2022-12-11'),
(1871, 52, 2, 2, 2, 900, 3, '2022-12-11'),
(1872, 48, 3, 10, NULL, 1200, 3, '2022-12-11'),
(1873, 62, 2, 4, 4, 1400, 4, '2022-12-11'),
(1874, 37, 2, 3, 3, 400, 1, '2022-12-11'),
(1875, 79, 1, 3, 3, 1600, 4, '2022-12-12'),
(1876, 11, 3, 4, 4, 900, 3, '2022-12-12'),
(1877, 19, 2, 11, NULL, 300, 1, '2022-12-12'),
(1878, 46, 2, 10, NULL, 2000, 5, '2022-12-12'),
(1879, 2, 4, 4, 4, 700, 2, '2022-12-12'),
(1880, 27, 2, 12, NULL, 1600, 4, '2022-12-13'),
(1881, 68, 3, 11, NULL, 700, 2, '2022-12-13'),
(1882, 42, 5, 6, NULL, 900, 3, '2022-12-13'),
(1883, 51, 2, 6, NULL, 300, 1, '2022-12-13'),
(1884, 18, 5, 6, NULL, 300, 1, '2022-12-14'),
(1885, 72, 4, 5, NULL, 1200, 4, '2022-12-14'),
(1886, 22, 1, 11, NULL, 2000, 5, '2022-12-14'),
(1887, 49, 2, 3, 3, 1750, 5, '2022-12-14'),
(1888, 27, 6, 5, NULL, 400, 1, '2022-12-15'),
(1889, 81, 1, 2, 2, 800, 2, '2022-12-15'),
(1890, 13, 4, 3, 3, 300, 1, '2022-12-15'),
(1891, 67, 2, 1, 1, 800, 2, '2022-12-16'),
(1892, 10, 2, 1, 1, 300, 1, '2022-12-16'),
(1893, 80, 3, 2, 2, 2000, 5, '2022-12-16'),
(1894, 8, 2, 8, NULL, 350, 1, '2022-12-16'),
(1895, 78, 2, 2, 2, 2000, 5, '2022-12-16'),
(1896, 26, 2, 9, NULL, 1200, 3, '2022-12-17'),
(1897, 44, 3, 6, NULL, 2000, 5, '2022-12-17'),
(1898, 21, 1, 10, NULL, 1750, 5, '2022-12-17'),
(1899, 16, 5, 7, NULL, 1500, 5, '2022-12-17'),
(1900, 2, 4, 1, 1, 1750, 5, '2022-12-17'),
(1901, 53, 1, 3, 3, 900, 3, '2022-12-18'),
(1902, 49, 1, 2, 2, 1050, 3, '2022-12-18'),
(1903, 28, 3, 1, 1, 2000, 5, '2022-12-18'),
(1904, 70, 3, 11, NULL, 1750, 5, '2022-12-18'),
(1905, 15, 4, 9, NULL, 1400, 4, '2022-12-19'),
(1906, 19, 2, 2, 2, 1200, 4, '2022-12-19'),
(1907, 12, 3, 2, 2, 900, 3, '2022-12-19'),
(1908, 4, 3, 4, 4, 350, 1, '2022-12-19'),
(1909, 36, 6, 9, NULL, 1600, 4, '2022-12-20'),
(1910, 48, 3, 1, 1, 400, 1, '2022-12-20'),
(1911, 16, 5, 9, NULL, 1200, 4, '2022-12-20'),
(1912, 19, 6, 11, NULL, 300, 1, '2022-12-20'),
(1913, 71, 4, 5, NULL, 1050, 3, '2022-12-21'),
(1914, 5, 2, 10, NULL, 1750, 5, '2022-12-21'),
(1915, 24, 2, 7, NULL, 1200, 3, '2022-12-21'),
(1916, 36, 1, 10, NULL, 400, 1, '2022-12-21'),
(1917, 41, 6, 3, 3, 1200, 4, '2022-12-21'),
(1918, 12, 6, 4, 4, 1500, 5, '2022-12-22'),
(1919, 16, 6, 1, 1, 600, 2, '2022-12-22'),
(1920, 75, 5, 10, NULL, 900, 3, '2022-12-22'),
(1921, 18, 5, 2, 2, 1200, 4, '2022-12-22'),
(1922, 66, 6, 10, NULL, 400, 1, '2022-12-22'),
(1923, 42, 5, 1, 1, 1500, 5, '2022-12-22'),
(1924, 17, 5, 3, 3, 300, 1, '2022-12-23'),
(1925, 4, 3, 6, NULL, 1400, 4, '2022-12-23'),
(1926, 71, 3, 11, NULL, 700, 2, '2022-12-23'),
(1927, 52, 4, 5, NULL, 300, 1, '2022-12-24'),
(1928, 17, 1, 5, NULL, 900, 3, '2022-12-24'),
(1929, 32, 2, 1, 1, 400, 1, '2022-12-24'),
(1930, 63, 6, 4, 4, 350, 1, '2022-12-24'),
(1931, 62, 6, 1, 1, 1400, 4, '2022-12-24'),
(1932, 58, 1, 4, 4, 1600, 4, '2022-12-24'),
(1933, 2, 1, 1, 1, 700, 2, '2022-12-25'),
(1934, 6, 6, 1, 1, 1050, 3, '2022-12-25'),
(1935, 78, 3, 1, 1, 400, 1, '2022-12-25'),
(1936, 4, 2, 3, 3, 1750, 5, '2022-12-25'),
(1937, 6, 6, 12, NULL, 1050, 3, '2022-12-25'),
(1938, 56, 1, 6, NULL, 2000, 5, '2022-12-25'),
(1939, 17, 6, 2, 2, 1500, 5, '2022-12-26'),
(1940, 8, 4, 11, NULL, 350, 1, '2022-12-26'),
(1941, 52, 2, 1, 1, 1500, 5, '2022-12-26'),
(1942, 40, 4, 5, NULL, 1500, 5, '2022-12-26'),
(1943, 60, 5, 1, 1, 2000, 5, '2022-12-26'),
(1944, 56, 4, 3, 3, 800, 2, '2022-12-26'),
(1945, 32, 2, 10, NULL, 800, 2, '2022-12-27'),
(1946, 35, 3, 11, NULL, 2000, 5, '2022-12-27'),
(1947, 24, 5, 9, NULL, 1600, 4, '2022-12-27'),
(1948, 39, 6, 1, 1, 700, 2, '2022-12-27'),
(1949, 64, 2, 1, 1, 1750, 5, '2022-12-28'),
(1950, 74, 2, 11, NULL, 900, 3, '2022-12-28'),
(1951, 8, 2, 1, 1, 1750, 5, '2022-12-28'),
(1952, 6, 3, 4, 4, 700, 2, '2022-12-28'),
(1953, 24, 4, 11, NULL, 800, 2, '2022-12-29'),
(1954, 27, 1, 1, 1, 1200, 3, '2022-12-29'),
(1955, 10, 3, 6, NULL, 300, 1, '2022-12-29'),
(1956, 35, 4, 7, NULL, 1200, 3, '2022-12-30'),
(1957, 54, 2, 11, NULL, 600, 2, '2022-12-30'),
(1958, 9, 5, 5, NULL, 700, 2, '2022-12-30'),
(1959, 48, 6, 7, NULL, 800, 2, '2022-12-31'),
(1960, 70, 6, 1, 1, 1400, 4, '2022-12-31'),
(1961, 81, 1, 3, 3, 400, 1, '2022-12-31'),
(1962, 74, 2, 1, 1, 1200, 4, '2022-12-31'),
(1963, 33, 1, 10, NULL, 2000, 5, '2023-01-01'),
(1964, 68, 1, 4, 4, 700, 2, '2023-01-01'),
(1965, 68, 2, 10, NULL, 350, 1, '2023-01-01'),
(1966, 46, 4, 4, 4, 400, 1, '2023-01-01'),
(1967, 21, 6, 2, 2, 1750, 5, '2023-01-01'),
(1968, 59, 1, 1, 1, 1200, 3, '2023-01-02'),
(1969, 48, 4, 4, 4, 1200, 3, '2023-01-02'),
(1970, 9, 1, 1, 1, 1400, 4, '2023-01-02'),
(1971, 67, 3, 12, NULL, 1600, 4, '2023-01-02'),
(1972, 73, 6, 3, 3, 1500, 5, '2023-01-02'),
(1973, 80, 3, 1, 1, 400, 1, '2023-01-02'),
(1974, 69, 4, 11, NULL, 700, 2, '2023-01-03'),
(1975, 63, 4, 4, 4, 700, 2, '2023-01-03'),
(1976, 36, 5, 3, 3, 400, 1, '2023-01-03'),
(1977, 75, 2, 1, 1, 600, 2, '2023-01-03'),
(1978, 18, 1, 1, 1, 900, 3, '2023-01-04'),
(1979, 81, 2, 11, NULL, 1600, 4, '2023-01-04'),
(1980, 68, 5, 3, 3, 1400, 4, '2023-01-04'),
(1981, 4, 6, 6, NULL, 1400, 4, '2023-01-04'),
(1982, 26, 5, 2, 2, 1200, 3, '2023-01-04'),
(1983, 1, 2, 11, NULL, 1750, 5, '2023-01-04'),
(1984, 25, 3, 6, NULL, 2000, 5, '2023-01-04'),
(1985, 71, 4, 10, NULL, 1400, 4, '2023-01-05'),
(1986, 17, 5, 4, 4, 900, 3, '2023-01-05'),
(1987, 27, 5, 2, 2, 1600, 4, '2023-01-05'),
(1988, 33, 4, 7, NULL, 2000, 5, '2023-01-06'),
(1989, 63, 6, 1, 1, 1050, 3, '2023-01-06'),
(1990, 29, 1, 6, NULL, 1600, 4, '2023-01-06'),
(1991, 48, 3, 4, 4, 1600, 4, '2023-01-06'),
(1992, 40, 1, 10, NULL, 1500, 5, '2023-01-07'),
(1993, 38, 4, 6, NULL, 350, 1, '2023-01-07'),
(1994, 76, 4, 5, NULL, 800, 2, '2023-01-07'),
(1995, 3, 3, 2, 2, 1400, 4, '2023-01-07'),
(1996, 65, 1, 2, 2, 350, 1, '2023-01-08'),
(1997, 74, 2, 9, NULL, 600, 2, '2023-01-08'),
(1998, 80, 6, 4, 4, 400, 1, '2023-01-08'),
(1999, 79, 4, 4, 4, 800, 2, '2023-01-08'),
(2000, 78, 3, 6, NULL, 400, 1, '2023-01-09'),
(2001, 40, 1, 6, NULL, 300, 1, '2023-01-09'),
(2002, 61, 2, 10, NULL, 800, 2, '2023-01-09'),
(2003, 47, 4, 5, NULL, 800, 2, '2023-01-09'),
(2004, 71, 5, 1, 1, 350, 1, '2023-01-10'),
(2005, 39, 1, 3, 3, 700, 2, '2023-01-10'),
(2006, 58, 5, 7, NULL, 400, 1, '2023-01-10'),
(2007, 11, 2, 1, 1, 300, 1, '2023-01-10'),
(2008, 55, 5, 11, NULL, 1200, 3, '2023-01-10'),
(2009, 13, 4, 10, NULL, 1500, 5, '2023-01-11'),
(2010, 41, 4, 12, NULL, 1500, 5, '2023-01-11'),
(2011, 63, 1, 2, 2, 1050, 3, '2023-01-11'),
(2012, 48, 5, 11, NULL, 1600, 4, '2023-01-12'),
(2013, 10, 1, 2, 2, 300, 1, '2023-01-12'),
(2014, 32, 3, 2, 2, 800, 2, '2023-01-12'),
(2015, 49, 6, 5, NULL, 1400, 4, '2023-01-12'),
(2016, 64, 5, 1, 1, 1050, 3, '2023-01-12'),
(2017, 66, 4, 1, 1, 1600, 4, '2023-01-13'),
(2018, 62, 1, 7, NULL, 1050, 3, '2023-01-13'),
(2019, 31, 5, 3, 3, 400, 1, '2023-01-13'),
(2020, 38, 6, 10, NULL, 1750, 5, '2023-01-13'),
(2021, 71, 6, 3, 3, 350, 1, '2023-01-14'),
(2022, 27, 4, 4, 4, 400, 1, '2023-01-14'),
(2023, 39, 4, 1, 1, 350, 1, '2023-01-14'),
(2024, 60, 4, 10, NULL, 1200, 3, '2023-01-14'),
(2025, 21, 6, 1, 1, 1400, 4, '2023-01-14'),
(2026, 47, 5, 2, 2, 800, 2, '2023-01-14'),
(2027, 56, 4, 2, 2, 400, 1, '2023-01-15'),
(2028, 63, 4, 1, 1, 1750, 5, '2023-01-15'),
(2029, 73, 4, 2, 2, 1500, 5, '2023-01-15'),
(2030, 43, 2, 1, 1, 1200, 4, '2023-01-15'),
(2031, 36, 3, 2, 2, 1200, 3, '2023-01-16'),
(2032, 23, 1, 3, 3, 1600, 4, '2023-01-16'),
(2033, 44, 2, 10, NULL, 1200, 3, '2023-01-16'),
(2034, 30, 5, 6, NULL, 1200, 3, '2023-01-16'),
(2035, 32, 6, 9, NULL, 2000, 5, '2023-01-17'),
(2036, 42, 1, 10, NULL, 1500, 5, '2023-01-17'),
(2037, 20, 5, 10, NULL, 1400, 4, '2023-01-17'),
(2038, 19, 2, 1, 1, 600, 2, '2023-01-17'),
(2039, 76, 2, 9, NULL, 1600, 4, '2023-01-18'),
(2040, 44, 1, 10, NULL, 800, 2, '2023-01-18'),
(2041, 81, 4, 12, NULL, 1200, 3, '2023-01-19'),
(2042, 18, 3, 5, NULL, 900, 3, '2023-01-19'),
(2043, 71, 4, 2, 2, 1050, 3, '2023-01-19'),
(2044, 12, 5, 11, NULL, 1500, 5, '2023-01-19'),
(2045, 1, 3, 10, NULL, 1750, 5, '2023-01-19'),
(2046, 66, 1, 10, NULL, 1200, 3, '2023-01-19'),
(2047, 56, 3, 10, NULL, 1600, 4, '2023-01-19'),
(2048, 81, 3, 4, 4, 1600, 4, '2023-01-20'),
(2049, 2, 3, 3, 3, 700, 2, '2023-01-20'),
(2050, 6, 1, 11, NULL, 700, 2, '2023-01-20'),
(2051, 68, 1, 11, NULL, 700, 2, '2023-01-20'),
(2052, 49, 2, 2, 2, 1050, 3, '2023-01-20'),
(2053, 77, 3, 3, 3, 800, 2, '2023-01-21'),
(2054, 30, 1, 10, NULL, 800, 2, '2023-01-21'),
(2055, 47, 3, 9, NULL, 1600, 4, '2023-01-21'),
(2056, 46, 2, 5, NULL, 800, 2, '2023-01-21'),
(2057, 17, 3, 6, NULL, 900, 3, '2023-01-21'),
(2058, 14, 6, 2, 2, 1400, 4, '2023-01-21'),
(2059, 63, 3, 5, NULL, 700, 2, '2023-01-21'),
(2060, 5, 2, 7, NULL, 1750, 5, '2023-01-22'),
(2061, 42, 5, 3, 3, 300, 1, '2023-01-22'),
(2062, 58, 2, 11, NULL, 400, 1, '2023-01-22'),
(2063, 35, 6, 2, 2, 2000, 5, '2023-01-22'),
(2064, 11, 6, 7, NULL, 600, 2, '2023-01-22'),
(2065, 61, 3, 3, 3, 800, 2, '2023-01-22'),
(2066, 61, 2, 11, NULL, 400, 1, '2023-01-23'),
(2067, 36, 6, 2, 2, 1600, 4, '2023-01-23'),
(2068, 65, 1, 3, 3, 350, 1, '2023-01-23'),
(2069, 68, 2, 3, 3, 1750, 5, '2023-01-24'),
(2070, 46, 3, 5, NULL, 800, 2, '2023-01-24'),
(2071, 79, 3, 4, 4, 1200, 3, '2023-01-24'),
(2072, 54, 4, 6, NULL, 300, 1, '2023-01-24'),
(2073, 14, 6, 11, NULL, 700, 2, '2023-01-24'),
(2074, 23, 4, 3, 3, 800, 2, '2023-01-24'),
(2075, 52, 2, 6, NULL, 1500, 5, '2023-01-24'),
(2076, 78, 1, 3, 3, 2000, 5, '2023-01-25'),
(2077, 56, 6, 2, 2, 400, 1, '2023-01-25'),
(2078, 72, 3, 1, 1, 600, 2, '2023-01-25'),
(2079, 59, 3, 1, 1, 800, 2, '2023-01-26'),
(2080, 8, 3, 2, 2, 350, 1, '2023-01-26'),
(2081, 66, 2, 11, NULL, 1600, 4, '2023-01-26'),
(2082, 28, 5, 10, NULL, 1600, 4, '2023-01-26'),
(2083, 54, 6, 4, 4, 1500, 5, '2023-01-26'),
(2084, 46, 2, 3, 3, 400, 1, '2023-01-26'),
(2085, 81, 2, 3, 3, 800, 2, '2023-01-26'),
(2086, 40, 2, 11, NULL, 600, 2, '2023-01-27'),
(2087, 29, 6, 6, NULL, 800, 2, '2023-01-27'),
(2088, 16, 5, 11, NULL, 300, 1, '2023-01-27'),
(2089, 49, 6, 2, 2, 1050, 3, '2023-01-27'),
(2090, 34, 2, 5, NULL, 2000, 5, '2023-01-28'),
(2091, 54, 4, 3, 3, 1200, 4, '2023-01-28'),
(2092, 81, 6, 2, 2, 400, 1, '2023-01-28'),
(2093, 80, 2, 4, 4, 400, 1, '2023-01-28'),
(2094, 51, 6, 6, NULL, 1200, 4, '2023-01-28'),
(2095, 8, 2, 2, 2, 1750, 5, '2023-01-28'),
(2096, 75, 5, 9, NULL, 1500, 5, '2023-01-28'),
(2097, 7, 5, 6, NULL, 1750, 5, '2023-01-29'),
(2098, 35, 1, 3, 3, 2000, 5, '2023-01-29'),
(2099, 12, 4, 11, NULL, 1500, 5, '2023-01-29'),
(2100, 60, 1, 3, 3, 2000, 5, '2023-01-29'),
(2101, 62, 2, 7, NULL, 1400, 4, '2023-01-30'),
(2102, 21, 6, 4, 4, 700, 2, '2023-01-30'),
(2103, 58, 1, 5, NULL, 1200, 3, '2023-01-30'),
(2104, 41, 3, 7, NULL, 1500, 5, '2023-01-30'),
(2105, 69, 5, 1, 1, 1750, 5, '2023-01-30'),
(2106, 76, 1, 7, NULL, 400, 1, '2023-01-31'),
(2107, 39, 1, 5, NULL, 1050, 3, '2023-01-31'),
(2108, 31, 5, 1, 1, 1200, 3, '2023-02-01'),
(2109, 15, 6, 4, 4, 350, 1, '2023-02-01'),
(2110, 67, 1, 4, 4, 2000, 5, '2023-02-01'),
(2111, 69, 5, 4, 4, 1050, 3, '2023-02-01'),
(2112, 47, 6, 6, NULL, 1200, 3, '2023-02-02'),
(2113, 17, 5, 2, 2, 1200, 4, '2023-02-02'),
(2114, 22, 1, 3, 3, 400, 1, '2023-02-02'),
(2115, 70, 2, 3, 3, 700, 2, '2023-02-02'),
(2116, 25, 3, 6, NULL, 2000, 5, '2023-02-03'),
(2117, 64, 1, 2, 2, 1050, 3, '2023-02-03'),
(2118, 24, 5, 10, NULL, 1600, 4, '2023-02-03'),
(2119, 37, 6, 5, NULL, 400, 1, '2023-02-03'),
(2120, 31, 3, 5, NULL, 1600, 4, '2023-02-04'),
(2121, 59, 5, 11, NULL, 400, 1, '2023-02-04'),
(2122, 21, 1, 12, NULL, 1050, 3, '2023-02-04'),
(2123, 31, 3, 1, 1, 400, 1, '2023-02-04'),
(2124, 29, 5, 2, 2, 800, 2, '2023-02-04'),
(2125, 1, 4, 2, 2, 350, 1, '2023-02-05'),
(2126, 65, 4, 4, 4, 1400, 4, '2023-02-05'),
(2127, 40, 2, 2, 2, 900, 3, '2023-02-05'),
(2128, 15, 5, 3, 3, 1050, 3, '2023-02-05'),
(2129, 75, 2, 11, NULL, 300, 1, '2023-02-05'),
(2130, 60, 5, 5, NULL, 1600, 4, '2023-02-06'),
(2131, 33, 6, 2, 2, 1600, 4, '2023-02-06'),
(2132, 3, 6, 5, NULL, 1400, 4, '2023-02-06'),
(2133, 41, 3, 1, 1, 600, 2, '2023-02-06'),
(2134, 66, 5, 5, NULL, 1200, 3, '2023-02-06'),
(2135, 73, 5, 6, NULL, 300, 1, '2023-02-07'),
(2136, 44, 4, 1, 1, 2000, 5, '2023-02-07'),
(2137, 6, 3, 11, NULL, 700, 2, '2023-02-08'),
(2138, 5, 3, 4, 4, 350, 1, '2023-02-08'),
(2139, 58, 5, 1, 1, 800, 2, '2023-02-08'),
(2140, 41, 6, 3, 3, 300, 1, '2023-02-08'),
(2141, 48, 4, 2, 2, 1600, 4, '2023-02-08'),
(2142, 41, 4, 1, 1, 300, 1, '2023-02-09'),
(2143, 13, 2, 3, 3, 1200, 4, '2023-02-09'),
(2144, 41, 4, 9, NULL, 300, 1, '2023-02-09'),
(2145, 74, 2, 10, NULL, 600, 2, '2023-02-09'),
(2146, 59, 4, 1, 1, 800, 2, '2023-02-09'),
(2147, 11, 1, 12, NULL, 600, 2, '2023-02-10'),
(2148, 24, 6, 4, 4, 400, 1, '2023-02-10'),
(2149, 77, 5, 1, 1, 800, 2, '2023-02-10'),
(2150, 70, 5, 1, 1, 1750, 5, '2023-02-10'),
(2151, 24, 2, 3, 3, 1600, 4, '2023-02-11'),
(2152, 71, 1, 4, 4, 1050, 3, '2023-02-11'),
(2153, 64, 6, 1, 1, 1050, 3, '2023-02-11'),
(2154, 54, 3, 1, 1, 1500, 5, '2023-02-11'),
(2155, 58, 2, 5, NULL, 800, 2, '2023-02-12'),
(2156, 72, 1, 6, NULL, 1200, 4, '2023-02-12'),
(2157, 33, 1, 2, 2, 800, 2, '2023-02-12'),
(2158, 63, 4, 1, 1, 1750, 5, '2023-02-12'),
(2159, 20, 1, 1, 1, 1750, 5, '2023-02-12'),
(2160, 78, 6, 11, NULL, 1600, 4, '2023-02-12'),
(2161, 47, 5, 3, 3, 1200, 3, '2023-02-13'),
(2162, 67, 4, 1, 1, 400, 1, '2023-02-13'),
(2163, 41, 4, 7, NULL, 900, 3, '2023-02-13'),
(2164, 31, 5, 1, 1, 800, 2, '2023-02-13'),
(2165, 18, 5, 5, NULL, 300, 1, '2023-02-14'),
(2166, 43, 3, 3, 3, 900, 3, '2023-02-14'),
(2167, 71, 5, 2, 2, 1050, 3, '2023-02-14'),
(2168, 24, 2, 4, 4, 1200, 3, '2023-02-14'),
(2169, 18, 2, 3, 3, 300, 1, '2023-02-15'),
(2170, 13, 4, 11, NULL, 1500, 5, '2023-02-15'),
(2171, 81, 6, 2, 2, 400, 1, '2023-02-15'),
(2172, 77, 6, 1, 1, 800, 2, '2023-02-15'),
(2173, 34, 3, 8, NULL, 400, 1, '2023-02-15'),
(2174, 34, 3, 1, 1, 1600, 4, '2023-02-15'),
(2175, 18, 2, 2, 2, 900, 3, '2023-02-16'),
(2176, 68, 3, 9, NULL, 1400, 4, '2023-02-16'),
(2177, 70, 1, 5, NULL, 700, 2, '2023-02-16'),
(2178, 42, 2, 6, NULL, 900, 3, '2023-02-16'),
(2179, 4, 4, 2, 2, 1750, 5, '2023-02-16'),
(2180, 31, 3, 8, NULL, 400, 1, '2023-02-16'),
(2181, 37, 3, 3, 3, 1600, 4, '2023-02-17'),
(2182, 37, 6, 1, 1, 800, 2, '2023-02-17'),
(2183, 80, 5, 10, NULL, 1600, 4, '2023-02-17'),
(2184, 44, 2, 6, NULL, 400, 1, '2023-02-17'),
(2185, 20, 3, 1, 1, 700, 2, '2023-02-17'),
(2186, 52, 5, 10, NULL, 1200, 4, '2023-02-18'),
(2187, 25, 5, 1, 1, 400, 1, '2023-02-18'),
(2188, 46, 4, 6, NULL, 1200, 3, '2023-02-18'),
(2189, 41, 1, 12, NULL, 600, 2, '2023-02-18'),
(2190, 26, 6, 1, 1, 1200, 3, '2023-02-18'),
(2191, 73, 5, 1, 1, 900, 3, '2023-02-18'),
(2192, 4, 1, 6, NULL, 1400, 4, '2023-02-19'),
(2193, 1, 4, 1, 1, 350, 1, '2023-02-19'),
(2194, 57, 6, 3, 3, 400, 1, '2023-02-19'),
(2195, 13, 6, 1, 1, 300, 1, '2023-02-20'),
(2196, 54, 3, 3, 3, 900, 3, '2023-02-20'),
(2197, 53, 3, 11, NULL, 900, 3, '2023-02-20'),
(2198, 51, 5, 3, 3, 1500, 5, '2023-02-21'),
(2199, 2, 6, 1, 1, 1750, 5, '2023-02-21'),
(2200, 4, 4, 9, NULL, 1050, 3, '2023-02-21'),
(2201, 18, 6, 11, NULL, 1500, 5, '2023-02-21'),
(2202, 21, 2, 3, 3, 700, 2, '2023-02-21'),
(2203, 16, 3, 4, 4, 1500, 5, '2023-02-22'),
(2204, 27, 3, 6, NULL, 800, 2, '2023-02-22'),
(2205, 41, 3, 1, 1, 900, 3, '2023-02-23'),
(2206, 18, 2, 11, NULL, 900, 3, '2023-02-23'),
(2207, 5, 4, 10, NULL, 1400, 4, '2023-02-23'),
(2208, 29, 2, 11, NULL, 2000, 5, '2023-02-23'),
(2209, 28, 3, 3, 3, 800, 2, '2023-02-23'),
(2210, 21, 3, 12, NULL, 1400, 4, '2023-02-23'),
(2211, 19, 6, 10, NULL, 900, 3, '2023-02-24'),
(2212, 17, 3, 6, NULL, 300, 1, '2023-02-24'),
(2213, 23, 1, 2, 2, 1600, 4, '2023-02-24'),
(2214, 63, 4, 11, NULL, 1400, 4, '2023-02-24'),
(2215, 1, 3, 3, 3, 700, 2, '2023-02-24'),
(2216, 40, 1, 3, 3, 900, 3, '2023-02-24'),
(2217, 34, 3, 3, 3, 1600, 4, '2023-02-25'),
(2218, 30, 6, 4, 4, 800, 2, '2023-02-25'),
(2219, 13, 5, 4, 4, 1500, 5, '2023-02-25'),
(2220, 44, 6, 3, 3, 800, 2, '2023-02-26'),
(2221, 29, 2, 1, 1, 1200, 3, '2023-02-26'),
(2222, 41, 5, 2, 2, 1500, 5, '2023-02-26'),
(2223, 44, 4, 1, 1, 1200, 3, '2023-02-26'),
(2224, 54, 6, 12, NULL, 900, 3, '2023-02-26'),
(2225, 7, 3, 3, 3, 1050, 3, '2023-02-26'),
(2226, 7, 4, 10, NULL, 1750, 5, '2023-02-26'),
(2227, 77, 3, 1, 1, 800, 2, '2023-02-27'),
(2228, 56, 4, 3, 3, 800, 2, '2023-02-27'),
(2229, 58, 1, 3, 3, 1200, 3, '2023-02-27'),
(2230, 50, 3, 3, 3, 1050, 3, '2023-02-27'),
(2231, 73, 5, 1, 1, 900, 3, '2023-02-27'),
(2232, 40, 2, 4, 4, 1500, 5, '2023-02-27'),
(2233, 76, 2, 5, NULL, 2000, 5, '2023-02-27'),
(2234, 41, 3, 9, NULL, 1200, 4, '2023-02-28'),
(2235, 53, 2, 1, 1, 1200, 4, '2023-02-28'),
(2236, 68, 1, 2, 2, 1050, 3, '2023-02-28'),
(2237, 62, 3, 10, NULL, 1750, 5, '2023-02-28'),
(2238, 11, 1, 11, NULL, 900, 3, '2023-02-28'),
(2239, 52, 1, 2, 2, 300, 1, '2023-03-01'),
(2240, 50, 3, 3, 3, 1400, 4, '2023-03-01'),
(2241, 61, 4, 10, NULL, 1600, 4, '2023-03-01'),
(2242, 16, 6, 2, 2, 600, 2, '2023-03-01'),
(2243, 46, 4, 10, NULL, 800, 2, '2023-03-01'),
(2244, 67, 2, 1, 1, 400, 1, '2023-03-02'),
(2245, 33, 1, 3, 3, 2000, 5, '2023-03-02'),
(2246, 7, 5, 10, NULL, 350, 1, '2023-03-02'),
(2247, 41, 4, 9, NULL, 1200, 4, '2023-03-02'),
(2248, 72, 4, 5, NULL, 1200, 4, '2023-03-02'),
(2249, 81, 4, 11, NULL, 1200, 3, '2023-03-02'),
(2250, 14, 2, 5, NULL, 1050, 3, '2023-03-02'),
(2251, 24, 4, 4, 4, 1200, 3, '2023-03-03'),
(2252, 47, 4, 1, 1, 2000, 5, '2023-03-03'),
(2253, 75, 2, 1, 1, 1500, 5, '2023-03-03'),
(2254, 16, 3, 12, NULL, 1200, 4, '2023-03-04'),
(2255, 8, 2, 10, NULL, 1400, 4, '2023-03-04'),
(2256, 81, 6, 1, 1, 400, 1, '2023-03-04'),
(2257, 66, 4, 2, 2, 400, 1, '2023-03-04'),
(2258, 3, 4, 7, NULL, 1400, 4, '2023-03-04'),
(2259, 34, 3, 1, 1, 800, 2, '2023-03-04'),
(2260, 2, 2, 2, 2, 700, 2, '2023-03-05'),
(2261, 1, 1, 5, NULL, 1750, 5, '2023-03-05'),
(2262, 68, 6, 7, NULL, 1050, 3, '2023-03-05'),
(2263, 64, 4, 11, NULL, 1750, 5, '2023-03-05'),
(2264, 19, 5, 1, 1, 1200, 4, '2023-03-05'),
(2265, 9, 2, 10, NULL, 1400, 4, '2023-03-06'),
(2266, 62, 3, 4, 4, 700, 2, '2023-03-06'),
(2267, 24, 2, 5, NULL, 400, 1, '2023-03-06'),
(2268, 45, 4, 1, 1, 1200, 3, '2023-03-07'),
(2269, 48, 5, 6, NULL, 800, 2, '2023-03-07'),
(2270, 54, 4, 3, 3, 900, 3, '2023-03-07'),
(2271, 64, 6, 7, NULL, 700, 2, '2023-03-07'),
(2272, 59, 6, 2, 2, 800, 2, '2023-03-08'),
(2273, 14, 2, 8, NULL, 1750, 5, '2023-03-08'),
(2274, 68, 5, 3, 3, 1050, 3, '2023-03-08'),
(2275, 78, 3, 6, NULL, 1200, 3, '2023-03-08'),
(2276, 59, 3, 11, NULL, 800, 2, '2023-03-08'),
(2277, 79, 2, 5, NULL, 400, 1, '2023-03-08'),
(2278, 30, 2, 1, 1, 1600, 4, '2023-03-08'),
(2279, 24, 2, 2, 2, 400, 1, '2023-03-09'),
(2280, 8, 6, 11, NULL, 1400, 4, '2023-03-09'),
(2281, 29, 3, 4, 4, 1200, 3, '2023-03-09'),
(2282, 29, 2, 1, 1, 400, 1, '2023-03-09'),
(2283, 16, 6, 3, 3, 900, 3, '2023-03-10'),
(2284, 7, 6, 10, NULL, 1400, 4, '2023-03-10'),
(2285, 49, 3, 11, NULL, 1750, 5, '2023-03-10'),
(2286, 59, 2, 1, 1, 400, 1, '2023-03-11'),
(2287, 19, 2, 6, NULL, 900, 3, '2023-03-11'),
(2288, 75, 2, 1, 1, 900, 3, '2023-03-11'),
(2289, 25, 5, 12, NULL, 800, 2, '2023-03-11'),
(2290, 65, 3, 11, NULL, 1750, 5, '2023-03-11'),
(2291, 2, 4, 1, 1, 700, 2, '2023-03-11'),
(2292, 16, 3, 4, 4, 300, 1, '2023-03-11'),
(2293, 29, 3, 4, 4, 1600, 4, '2023-03-12'),
(2294, 62, 6, 4, 4, 1050, 3, '2023-03-12'),
(2295, 63, 1, 11, NULL, 1050, 3, '2023-03-12'),
(2296, 40, 4, 3, 3, 300, 1, '2023-03-12'),
(2297, 41, 5, 7, NULL, 300, 1, '2023-03-12'),
(2298, 57, 3, 5, NULL, 1200, 3, '2023-03-12'),
(2299, 20, 1, 1, 1, 350, 1, '2023-03-12'),
(2300, 13, 6, 3, 3, 600, 2, '2023-03-13'),
(2301, 21, 1, 9, NULL, 350, 1, '2023-03-13'),
(2302, 67, 4, 6, NULL, 1200, 3, '2023-03-13'),
(2303, 13, 1, 1, 1, 900, 3, '2023-03-14'),
(2304, 19, 6, 3, 3, 1500, 5, '2023-03-14'),
(2305, 60, 2, 9, NULL, 800, 2, '2023-03-14'),
(2306, 11, 2, 1, 1, 1200, 4, '2023-03-15'),
(2307, 53, 5, 3, 3, 1500, 5, '2023-03-15'),
(2308, 33, 4, 1, 1, 1200, 3, '2023-03-15'),
(2309, 70, 1, 1, 1, 350, 1, '2023-03-15'),
(2310, 28, 1, 11, NULL, 400, 1, '2023-03-15'),
(2311, 28, 2, 1, 1, 400, 1, '2023-03-15'),
(2312, 15, 3, 2, 2, 350, 1, '2023-03-15'),
(2313, 6, 1, 9, NULL, 1050, 3, '2023-03-16'),
(2314, 32, 6, 5, NULL, 2000, 5, '2023-03-16'),
(2315, 11, 3, 2, 2, 1500, 5, '2023-03-16'),
(2316, 25, 1, 11, NULL, 1600, 4, '2023-03-16'),
(2317, 4, 2, 1, 1, 1400, 4, '2023-03-16'),
(2318, 24, 2, 2, 2, 2000, 5, '2023-03-17'),
(2319, 58, 2, 5, NULL, 1600, 4, '2023-03-17'),
(2320, 34, 1, 1, 1, 1600, 4, '2023-03-17'),
(2321, 24, 1, 1, 1, 2000, 5, '2023-03-17'),
(2322, 58, 5, 10, NULL, 1600, 4, '2023-03-17'),
(2323, 43, 2, 6, NULL, 900, 3, '2023-03-18'),
(2324, 10, 2, 11, NULL, 1200, 4, '2023-03-18'),
(2325, 36, 3, 9, NULL, 1600, 4, '2023-03-18'),
(2326, 61, 3, 11, NULL, 800, 2, '2023-03-18'),
(2327, 60, 2, 3, 3, 400, 1, '2023-03-19'),
(2328, 22, 1, 12, NULL, 400, 1, '2023-03-19'),
(2329, 33, 4, 2, 2, 2000, 5, '2023-03-19'),
(2330, 32, 4, 2, 2, 400, 1, '2023-03-19'),
(2331, 37, 2, 4, 4, 2000, 5, '2023-03-19'),
(2332, 71, 5, 3, 3, 1750, 5, '2023-03-19'),
(2333, 66, 3, 2, 2, 1200, 3, '2023-03-19'),
(2334, 71, 3, 2, 2, 1050, 3, '2023-03-20'),
(2335, 31, 1, 10, NULL, 1200, 3, '2023-03-20'),
(2336, 66, 3, 11, NULL, 800, 2, '2023-03-20');
INSERT INTO `siparisler` (`siparis_id`, `forma_id`, `beden_id`, `il_id`, `sube_id`, `fiyat`, `adet`, `tarih`) VALUES
(2337, 32, 5, 3, 3, 1200, 3, '2023-03-21'),
(2338, 75, 5, 5, NULL, 1200, 4, '2023-03-21'),
(2339, 38, 1, 1, 1, 1400, 4, '2023-03-21'),
(2340, 6, 3, 5, NULL, 1750, 5, '2023-03-21'),
(2341, 54, 1, 11, NULL, 300, 1, '2023-03-21'),
(2342, 31, 6, 3, 3, 1600, 4, '2023-03-21'),
(2343, 40, 2, 4, 4, 600, 2, '2023-03-22'),
(2344, 4, 4, 6, NULL, 350, 1, '2023-03-22'),
(2345, 61, 2, 1, 1, 1200, 3, '2023-03-22'),
(2346, 20, 6, 7, NULL, 1050, 3, '2023-03-22'),
(2347, 50, 2, 6, NULL, 1050, 3, '2023-03-22'),
(2348, 55, 5, 2, 2, 1200, 3, '2023-03-22'),
(2349, 56, 3, 3, 3, 1200, 3, '2023-03-23'),
(2350, 78, 2, 3, 3, 800, 2, '2023-03-23'),
(2351, 37, 2, 5, NULL, 1600, 4, '2023-03-23'),
(2352, 46, 4, 5, NULL, 1200, 3, '2023-03-24'),
(2353, 21, 6, 11, NULL, 1400, 4, '2023-03-24'),
(2354, 54, 3, 10, NULL, 600, 2, '2023-03-24'),
(2355, 52, 3, 3, 3, 300, 1, '2023-03-25'),
(2356, 39, 2, 5, NULL, 700, 2, '2023-03-25'),
(2357, 28, 1, 5, NULL, 2000, 5, '2023-03-25'),
(2358, 56, 1, 5, NULL, 400, 1, '2023-03-25'),
(2359, 29, 3, 4, 4, 800, 2, '2023-03-25'),
(2360, 26, 3, 1, 1, 400, 1, '2023-03-26'),
(2361, 15, 1, 1, 1, 1050, 3, '2023-03-26'),
(2362, 57, 5, 11, NULL, 1200, 3, '2023-03-26'),
(2363, 11, 3, 10, NULL, 600, 2, '2023-03-26'),
(2364, 3, 5, 3, 3, 1750, 5, '2023-03-26'),
(2365, 78, 4, 5, NULL, 400, 1, '2023-03-27'),
(2366, 39, 3, 11, NULL, 1400, 4, '2023-03-27'),
(2367, 49, 5, 4, 4, 1750, 5, '2023-03-27'),
(2368, 30, 4, 5, NULL, 800, 2, '2023-03-27'),
(2369, 27, 6, 3, 3, 2000, 5, '2023-03-27'),
(2370, 17, 1, 3, 3, 1500, 5, '2023-03-28'),
(2371, 19, 3, 3, 3, 900, 3, '2023-03-28'),
(2372, 37, 3, 5, NULL, 2000, 5, '2023-03-28'),
(2373, 13, 2, 11, NULL, 1500, 5, '2023-03-29'),
(2374, 26, 5, 1, 1, 1200, 3, '2023-03-29'),
(2375, 72, 2, 5, NULL, 1500, 5, '2023-03-29'),
(2376, 10, 1, 2, 2, 1500, 5, '2023-03-30'),
(2377, 76, 1, 3, 3, 2000, 5, '2023-03-30'),
(2378, 77, 1, 1, 1, 800, 2, '2023-03-30'),
(2379, 51, 1, 6, NULL, 900, 3, '2023-03-30'),
(2380, 34, 4, 11, NULL, 800, 2, '2023-03-30'),
(2381, 39, 6, 8, NULL, 1400, 4, '2023-03-31'),
(2382, 67, 2, 3, 3, 400, 1, '2023-03-31'),
(2383, 77, 4, 10, NULL, 1600, 4, '2023-03-31'),
(2384, 22, 3, 10, NULL, 1200, 3, '2023-03-31'),
(2385, 58, 2, 11, NULL, 1200, 3, '2023-03-31'),
(2386, 3, 6, 1, 1, 1750, 5, '2023-03-31'),
(2387, 71, 2, 3, 3, 1750, 5, '2023-04-01'),
(2388, 53, 6, 5, NULL, 900, 3, '2023-04-01'),
(2389, 39, 6, 2, 2, 1050, 3, '2023-04-01'),
(2390, 66, 4, 1, 1, 1600, 4, '2023-04-01'),
(2391, 65, 5, 1, 1, 1750, 5, '2023-04-02'),
(2392, 72, 3, 1, 1, 600, 2, '2023-04-02'),
(2393, 57, 5, 11, NULL, 2000, 5, '2023-04-02'),
(2394, 39, 3, 11, NULL, 700, 2, '2023-04-02'),
(2395, 52, 3, 6, NULL, 600, 2, '2023-04-03'),
(2396, 40, 3, 3, 3, 1200, 4, '2023-04-03'),
(2397, 63, 3, 11, NULL, 1750, 5, '2023-04-03'),
(2398, 51, 2, 1, 1, 1200, 4, '2023-04-03'),
(2399, 43, 4, 10, NULL, 600, 2, '2023-04-03'),
(2400, 77, 5, 5, NULL, 1600, 4, '2023-04-03'),
(2401, 70, 3, 4, 4, 1400, 4, '2023-04-03'),
(2402, 47, 3, 2, 2, 800, 2, '2023-04-04'),
(2403, 60, 6, 2, 2, 800, 2, '2023-04-04'),
(2404, 39, 4, 3, 3, 350, 1, '2023-04-04'),
(2405, 48, 6, 3, 3, 400, 1, '2023-04-04'),
(2406, 58, 5, 2, 2, 2000, 5, '2023-04-04'),
(2407, 70, 3, 10, NULL, 700, 2, '2023-04-04'),
(2408, 9, 6, 5, NULL, 1400, 4, '2023-04-04'),
(2409, 53, 5, 7, NULL, 600, 2, '2023-04-05'),
(2410, 25, 6, 9, NULL, 1200, 3, '2023-04-05'),
(2411, 9, 5, 1, 1, 350, 1, '2023-04-05'),
(2412, 38, 2, 1, 1, 700, 2, '2023-04-05'),
(2413, 47, 3, 3, 3, 800, 2, '2023-04-06'),
(2414, 81, 2, 3, 3, 1600, 4, '2023-04-06'),
(2415, 12, 1, 2, 2, 1200, 4, '2023-04-06'),
(2416, 46, 6, 6, NULL, 1200, 3, '2023-04-06'),
(2417, 29, 3, 11, NULL, 400, 1, '2023-04-07'),
(2418, 15, 5, 5, NULL, 1750, 5, '2023-04-07'),
(2419, 80, 6, 1, 1, 400, 1, '2023-04-07'),
(2420, 19, 6, 5, NULL, 600, 2, '2023-04-07'),
(2421, 56, 6, 3, 3, 2000, 5, '2023-04-07'),
(2422, 14, 6, 11, NULL, 1050, 3, '2023-04-07'),
(2423, 2, 2, 10, NULL, 700, 2, '2023-04-07'),
(2424, 65, 2, 12, NULL, 700, 2, '2023-04-08'),
(2425, 14, 4, 3, 3, 1400, 4, '2023-04-08'),
(2426, 81, 4, 10, NULL, 1600, 4, '2023-04-08'),
(2427, 50, 3, 10, NULL, 1400, 4, '2023-04-09'),
(2428, 7, 1, 7, NULL, 1050, 3, '2023-04-09'),
(2429, 63, 6, 7, NULL, 1400, 4, '2023-04-09'),
(2430, 38, 2, 9, NULL, 1400, 4, '2023-04-09'),
(2431, 74, 1, 4, 4, 900, 3, '2023-04-09'),
(2432, 27, 4, 11, NULL, 1200, 3, '2023-04-09'),
(2433, 27, 1, 5, NULL, 1600, 4, '2023-04-10'),
(2434, 50, 2, 4, 4, 700, 2, '2023-04-10'),
(2435, 7, 5, 6, NULL, 1400, 4, '2023-04-10'),
(2436, 5, 2, 2, 2, 700, 2, '2023-04-10'),
(2437, 15, 5, 3, 3, 1050, 3, '2023-04-11'),
(2438, 78, 3, 2, 2, 1600, 4, '2023-04-11'),
(2439, 49, 4, 1, 1, 1750, 5, '2023-04-11'),
(2440, 28, 6, 11, NULL, 1200, 3, '2023-04-11'),
(2441, 58, 4, 2, 2, 400, 1, '2023-04-11'),
(2442, 40, 4, 7, NULL, 900, 3, '2023-04-11'),
(2443, 64, 6, 2, 2, 700, 2, '2023-04-12'),
(2444, 67, 2, 6, NULL, 800, 2, '2023-04-12'),
(2445, 5, 6, 10, NULL, 1050, 3, '2023-04-12'),
(2446, 63, 2, 5, NULL, 1050, 3, '2023-04-13'),
(2447, 37, 3, 10, NULL, 400, 1, '2023-04-13'),
(2448, 58, 3, 11, NULL, 1600, 4, '2023-04-13'),
(2449, 45, 1, 11, NULL, 800, 2, '2023-04-13'),
(2450, 46, 6, 6, NULL, 800, 2, '2023-04-13'),
(2451, 7, 2, 7, NULL, 1400, 4, '2023-04-13'),
(2452, 23, 3, 3, 3, 1600, 4, '2023-04-14'),
(2453, 15, 2, 7, NULL, 1050, 3, '2023-04-14'),
(2454, 10, 2, 11, NULL, 900, 3, '2023-04-14'),
(2455, 69, 3, 12, NULL, 1750, 5, '2023-04-14'),
(2456, 72, 5, 7, NULL, 1500, 5, '2023-04-14'),
(2457, 78, 2, 11, NULL, 1200, 3, '2023-04-14'),
(2458, 64, 4, 1, 1, 1750, 5, '2023-04-15'),
(2459, 58, 5, 11, NULL, 1600, 4, '2023-04-15'),
(2460, 63, 1, 11, NULL, 1050, 3, '2023-04-15'),
(2461, 37, 6, 1, 1, 1200, 3, '2023-04-15'),
(2462, 66, 1, 2, 2, 1200, 3, '2023-04-15'),
(2463, 23, 1, 10, NULL, 2000, 5, '2023-04-15'),
(2464, 55, 3, 6, NULL, 1600, 4, '2023-04-15'),
(2465, 44, 6, 3, 3, 2000, 5, '2023-04-16'),
(2466, 25, 2, 11, NULL, 400, 1, '2023-04-16'),
(2467, 45, 6, 11, NULL, 1600, 4, '2023-04-16'),
(2468, 20, 4, 1, 1, 1750, 5, '2023-04-17'),
(2469, 29, 1, 11, NULL, 1600, 4, '2023-04-17'),
(2470, 78, 2, 10, NULL, 1200, 3, '2023-04-18'),
(2471, 54, 3, 1, 1, 1200, 4, '2023-04-18'),
(2472, 30, 1, 4, 4, 400, 1, '2023-04-18'),
(2473, 30, 1, 9, NULL, 1600, 4, '2023-04-18'),
(2474, 6, 5, 5, NULL, 1750, 5, '2023-04-18'),
(2475, 14, 4, 1, 1, 1400, 4, '2023-04-18'),
(2476, 70, 3, 5, NULL, 350, 1, '2023-04-19'),
(2477, 54, 6, 11, NULL, 1500, 5, '2023-04-19'),
(2478, 69, 4, 5, NULL, 700, 2, '2023-04-19'),
(2479, 24, 5, 7, NULL, 400, 1, '2023-04-19'),
(2480, 32, 5, 5, NULL, 800, 2, '2023-04-19'),
(2481, 70, 5, 2, 2, 1050, 3, '2023-04-19'),
(2482, 18, 5, 10, NULL, 600, 2, '2023-04-20'),
(2483, 13, 1, 9, NULL, 300, 1, '2023-04-20'),
(2484, 79, 4, 1, 1, 1200, 3, '2023-04-20'),
(2485, 53, 4, 6, NULL, 900, 3, '2023-04-20'),
(2486, 42, 3, 3, 3, 1200, 4, '2023-04-21'),
(2487, 21, 2, 3, 3, 1750, 5, '2023-04-21'),
(2488, 64, 6, 1, 1, 1400, 4, '2023-04-21'),
(2489, 58, 2, 1, 1, 400, 1, '2023-04-21'),
(2490, 71, 1, 2, 2, 1750, 5, '2023-04-21'),
(2491, 42, 1, 5, NULL, 900, 3, '2023-04-22'),
(2492, 20, 2, 1, 1, 350, 1, '2023-04-22'),
(2493, 12, 4, 3, 3, 1200, 4, '2023-04-22'),
(2494, 69, 3, 2, 2, 350, 1, '2023-04-22'),
(2495, 70, 1, 1, 1, 1400, 4, '2023-04-22'),
(2496, 33, 3, 2, 2, 1600, 4, '2023-04-23'),
(2497, 15, 4, 3, 3, 1400, 4, '2023-04-23'),
(2498, 25, 6, 12, NULL, 1600, 4, '2023-04-23'),
(2499, 8, 1, 12, NULL, 1050, 3, '2023-04-23'),
(2500, 9, 2, 3, 3, 350, 1, '2023-04-23'),
(2501, 16, 3, 4, 4, 1200, 4, '2023-04-23'),
(2502, 35, 4, 4, 4, 2000, 5, '2023-04-23'),
(2503, 20, 3, 1, 1, 350, 1, '2023-04-24'),
(2504, 22, 6, 4, 4, 800, 2, '2023-04-24'),
(2505, 24, 3, 3, 3, 1600, 4, '2023-04-24'),
(2506, 27, 5, 2, 2, 1200, 3, '2023-04-24'),
(2507, 68, 3, 2, 2, 1400, 4, '2023-04-24'),
(2508, 73, 6, 12, NULL, 900, 3, '2023-04-25'),
(2509, 39, 3, 2, 2, 1050, 3, '2023-04-25'),
(2510, 19, 6, 10, NULL, 1500, 5, '2023-04-25'),
(2511, 72, 6, 11, NULL, 900, 3, '2023-04-25'),
(2512, 72, 6, 5, NULL, 1500, 5, '2023-04-25'),
(2513, 33, 1, 2, 2, 400, 1, '2023-04-26'),
(2514, 50, 4, 4, 4, 700, 2, '2023-04-26'),
(2515, 53, 1, 2, 2, 1500, 5, '2023-04-26'),
(2516, 23, 6, 1, 1, 400, 1, '2023-04-26'),
(2517, 61, 6, 10, NULL, 1200, 3, '2023-04-27'),
(2518, 65, 3, 7, NULL, 1400, 4, '2023-04-27'),
(2519, 36, 6, 9, NULL, 2000, 5, '2023-04-27'),
(2520, 17, 5, 11, NULL, 1500, 5, '2023-04-27'),
(2521, 41, 3, 9, NULL, 1500, 5, '2023-04-27'),
(2522, 20, 5, 1, 1, 700, 2, '2023-04-27'),
(2523, 69, 1, 9, NULL, 350, 1, '2023-04-27'),
(2524, 23, 6, 7, NULL, 2000, 5, '2023-04-28'),
(2525, 52, 6, 1, 1, 300, 1, '2023-04-28'),
(2526, 21, 3, 2, 2, 350, 1, '2023-04-28'),
(2527, 8, 4, 1, 1, 1400, 4, '2023-04-28'),
(2528, 73, 1, 1, 1, 600, 2, '2023-04-28'),
(2529, 57, 1, 1, 1, 2000, 5, '2023-04-28'),
(2530, 54, 6, 3, 3, 300, 1, '2023-04-29'),
(2531, 1, 2, 4, 4, 1050, 3, '2023-04-29'),
(2532, 71, 3, 6, NULL, 350, 1, '2023-04-29'),
(2533, 80, 2, 10, NULL, 1600, 4, '2023-04-29'),
(2534, 5, 5, 3, 3, 1750, 5, '2023-04-29'),
(2535, 40, 1, 7, NULL, 1500, 5, '2023-04-29'),
(2536, 21, 5, 10, NULL, 1400, 4, '2023-04-29'),
(2537, 31, 5, 10, NULL, 800, 2, '2023-04-30'),
(2538, 11, 5, 4, 4, 600, 2, '2023-04-30'),
(2539, 47, 3, 3, 3, 400, 1, '2023-05-01'),
(2540, 30, 3, 6, NULL, 1200, 3, '2023-05-01'),
(2541, 42, 6, 7, NULL, 1500, 5, '2023-05-01'),
(2542, 4, 2, 10, NULL, 1050, 3, '2023-05-01'),
(2543, 76, 6, 5, NULL, 1200, 3, '2023-05-01'),
(2544, 61, 4, 9, NULL, 1200, 3, '2023-05-01'),
(2545, 31, 2, 5, NULL, 1200, 3, '2023-05-02'),
(2546, 51, 2, 1, 1, 1500, 5, '2023-05-02'),
(2547, 35, 4, 5, NULL, 1600, 4, '2023-05-02'),
(2548, 28, 5, 3, 3, 1600, 4, '2023-05-02'),
(2549, 9, 1, 3, 3, 700, 2, '2023-05-03'),
(2550, 54, 5, 12, NULL, 600, 2, '2023-05-03'),
(2551, 17, 4, 3, 3, 1200, 4, '2023-05-03'),
(2552, 69, 5, 4, 4, 700, 2, '2023-05-03'),
(2553, 33, 3, 4, 4, 800, 2, '2023-05-04'),
(2554, 45, 1, 6, NULL, 1600, 4, '2023-05-04'),
(2555, 77, 1, 1, 1, 1600, 4, '2023-05-04'),
(2556, 47, 6, 7, NULL, 400, 1, '2023-05-04'),
(2557, 26, 3, 2, 2, 2000, 5, '2023-05-05'),
(2558, 37, 1, 10, NULL, 400, 1, '2023-05-05'),
(2559, 25, 2, 5, NULL, 1200, 3, '2023-05-05'),
(2560, 67, 6, 4, 4, 1600, 4, '2023-05-05'),
(2561, 80, 2, 5, NULL, 400, 1, '2023-05-05'),
(2562, 72, 5, 9, NULL, 300, 1, '2023-05-06'),
(2563, 1, 6, 2, 2, 1050, 3, '2023-05-06'),
(2564, 81, 6, 7, NULL, 1600, 4, '2023-05-06'),
(2565, 15, 1, 1, 1, 350, 1, '2023-05-06'),
(2566, 42, 2, 1, 1, 300, 1, '2023-05-06'),
(2567, 48, 1, 4, 4, 2000, 5, '2023-05-06'),
(2568, 36, 5, 2, 2, 800, 2, '2023-05-06'),
(2569, 36, 6, 5, NULL, 400, 1, '2023-05-07'),
(2570, 67, 3, 3, 3, 400, 1, '2023-05-07'),
(2571, 76, 1, 3, 3, 2000, 5, '2023-05-07'),
(2572, 15, 6, 3, 3, 1400, 4, '2023-05-07'),
(2573, 5, 2, 7, NULL, 1400, 4, '2023-05-07'),
(2574, 11, 1, 2, 2, 300, 1, '2023-05-08'),
(2575, 57, 1, 2, 2, 400, 1, '2023-05-08'),
(2576, 56, 6, 12, NULL, 400, 1, '2023-05-08'),
(2577, 67, 5, 6, NULL, 1600, 4, '2023-05-08'),
(2578, 42, 1, 10, NULL, 1500, 5, '2023-05-08'),
(2579, 8, 1, 4, 4, 350, 1, '2023-05-09'),
(2580, 55, 3, 3, 3, 2000, 5, '2023-05-09'),
(2581, 53, 6, 5, NULL, 1500, 5, '2023-05-09'),
(2582, 4, 6, 1, 1, 1750, 5, '2023-05-10'),
(2583, 62, 6, 3, 3, 1400, 4, '2023-05-10'),
(2584, 49, 3, 1, 1, 350, 1, '2023-05-10'),
(2585, 13, 2, 4, 4, 900, 3, '2023-05-11'),
(2586, 43, 4, 6, NULL, 900, 3, '2023-05-11'),
(2587, 10, 4, 10, NULL, 300, 1, '2023-05-11'),
(2588, 59, 6, 9, NULL, 1200, 3, '2023-05-12'),
(2589, 56, 1, 11, NULL, 2000, 5, '2023-05-12'),
(2590, 7, 1, 1, 1, 1050, 3, '2023-05-12'),
(2591, 48, 3, 10, NULL, 400, 1, '2023-05-12'),
(2592, 47, 2, 10, NULL, 1600, 4, '2023-05-13'),
(2593, 39, 1, 5, NULL, 700, 2, '2023-05-13'),
(2594, 65, 1, 6, NULL, 1400, 4, '2023-05-13'),
(2595, 7, 2, 5, NULL, 700, 2, '2023-05-13'),
(2596, 5, 6, 1, 1, 1750, 5, '2023-05-14'),
(2597, 68, 2, 12, NULL, 1750, 5, '2023-05-14'),
(2598, 75, 2, 3, 3, 900, 3, '2023-05-14'),
(2599, 57, 1, 11, NULL, 1200, 3, '2023-05-14'),
(2600, 54, 2, 3, 3, 300, 1, '2023-05-14'),
(2601, 39, 4, 7, NULL, 1750, 5, '2023-05-15'),
(2602, 29, 5, 12, NULL, 1200, 3, '2023-05-15'),
(2603, 63, 1, 5, NULL, 700, 2, '2023-05-15'),
(2604, 27, 5, 11, NULL, 800, 2, '2023-05-15'),
(2605, 67, 6, 2, 2, 400, 1, '2023-05-15'),
(2606, 24, 3, 9, NULL, 400, 1, '2023-05-15'),
(2607, 35, 6, 2, 2, 1200, 3, '2023-05-15'),
(2608, 29, 4, 12, NULL, 2000, 5, '2023-05-16'),
(2609, 1, 2, 10, NULL, 1050, 3, '2023-05-16'),
(2610, 34, 5, 1, 1, 1200, 3, '2023-05-16'),
(2611, 41, 2, 3, 3, 600, 2, '2023-05-16'),
(2612, 79, 4, 3, 3, 1600, 4, '2023-05-16'),
(2613, 70, 1, 2, 2, 350, 1, '2023-05-16'),
(2614, 64, 3, 9, NULL, 350, 1, '2023-05-16'),
(2615, 25, 5, 2, 2, 2000, 5, '2023-05-17'),
(2616, 16, 1, 1, 1, 1200, 4, '2023-05-17'),
(2617, 47, 2, 7, NULL, 1600, 4, '2023-05-17'),
(2618, 74, 2, 6, NULL, 1500, 5, '2023-05-17'),
(2619, 57, 2, 11, NULL, 800, 2, '2023-05-17'),
(2620, 69, 2, 12, NULL, 1400, 4, '2023-05-17'),
(2621, 55, 2, 3, 3, 400, 1, '2023-05-18'),
(2622, 76, 5, 7, NULL, 1200, 3, '2023-05-18'),
(2623, 42, 2, 11, NULL, 600, 2, '2023-05-18'),
(2624, 15, 3, 1, 1, 1400, 4, '2023-05-18'),
(2625, 46, 2, 7, NULL, 800, 2, '2023-05-18'),
(2626, 14, 3, 1, 1, 1750, 5, '2023-05-19'),
(2627, 60, 4, 6, NULL, 1600, 4, '2023-05-19'),
(2628, 3, 3, 3, 3, 1750, 5, '2023-05-19'),
(2629, 41, 5, 7, NULL, 1200, 4, '2023-05-19'),
(2630, 23, 1, 2, 2, 1600, 4, '2023-05-20'),
(2631, 50, 2, 9, NULL, 700, 2, '2023-05-20'),
(2632, 39, 6, 3, 3, 700, 2, '2023-05-20'),
(2633, 29, 3, 10, NULL, 1600, 4, '2023-05-20'),
(2634, 39, 2, 2, 2, 1400, 4, '2023-05-20'),
(2635, 80, 6, 1, 1, 400, 1, '2023-05-20'),
(2636, 64, 4, 10, NULL, 1750, 5, '2023-05-21'),
(2637, 2, 1, 3, 3, 1050, 3, '2023-05-21'),
(2638, 37, 1, 1, 1, 2000, 5, '2023-05-21'),
(2639, 67, 5, 4, 4, 400, 1, '2023-05-21'),
(2640, 4, 2, 8, NULL, 350, 1, '2023-05-22'),
(2641, 19, 2, 5, NULL, 1200, 4, '2023-05-22'),
(2642, 33, 2, 5, NULL, 1200, 3, '2023-05-22'),
(2643, 50, 4, 4, 4, 700, 2, '2023-05-22'),
(2644, 12, 1, 3, 3, 900, 3, '2023-05-22'),
(2645, 5, 4, 2, 2, 1750, 5, '2023-05-23'),
(2646, 73, 1, 5, NULL, 900, 3, '2023-05-23'),
(2647, 66, 4, 5, NULL, 400, 1, '2023-05-23'),
(2648, 74, 4, 1, 1, 900, 3, '2023-05-23'),
(2649, 7, 1, 10, NULL, 1400, 4, '2023-05-24'),
(2650, 34, 1, 11, NULL, 800, 2, '2023-05-24'),
(2651, 61, 6, 9, NULL, 2000, 5, '2023-05-24'),
(2652, 21, 3, 3, 3, 1050, 3, '2023-05-24'),
(2653, 25, 4, 10, NULL, 400, 1, '2023-05-24'),
(2654, 30, 2, 1, 1, 1200, 3, '2023-05-24'),
(2655, 62, 4, 4, 4, 700, 2, '2023-05-24'),
(2656, 64, 3, 4, 4, 1050, 3, '2023-05-25'),
(2657, 53, 6, 4, 4, 900, 3, '2023-05-25'),
(2658, 66, 5, 5, NULL, 1200, 3, '2023-05-25'),
(2659, 8, 2, 3, 3, 1750, 5, '2023-05-25'),
(2660, 9, 5, 3, 3, 1050, 3, '2023-05-26'),
(2661, 76, 5, 4, 4, 1600, 4, '2023-05-26'),
(2662, 51, 6, 9, NULL, 900, 3, '2023-05-26'),
(2663, 73, 3, 1, 1, 300, 1, '2023-05-26'),
(2664, 72, 2, 11, NULL, 1200, 4, '2023-05-26'),
(2665, 3, 3, 4, 4, 700, 2, '2023-05-26'),
(2666, 9, 5, 7, NULL, 1050, 3, '2023-05-27'),
(2667, 21, 3, 9, NULL, 700, 2, '2023-05-27'),
(2668, 12, 5, 2, 2, 600, 2, '2023-05-27'),
(2669, 70, 3, 5, NULL, 350, 1, '2023-05-27'),
(2670, 63, 1, 1, 1, 1050, 3, '2023-05-27'),
(2671, 8, 6, 12, NULL, 700, 2, '2023-05-27'),
(2672, 38, 5, 12, NULL, 1050, 3, '2023-05-28'),
(2673, 68, 5, 11, NULL, 350, 1, '2023-05-28'),
(2674, 26, 4, 3, 3, 800, 2, '2023-05-28'),
(2675, 5, 3, 3, 3, 1050, 3, '2023-05-28'),
(2676, 65, 4, 5, NULL, 1400, 4, '2023-05-28'),
(2677, 27, 5, 9, NULL, 1200, 3, '2023-05-28'),
(2678, 39, 6, 1, 1, 1750, 5, '2023-05-28'),
(2679, 48, 1, 10, NULL, 1200, 3, '2023-05-29'),
(2680, 16, 6, 10, NULL, 600, 2, '2023-05-29'),
(2681, 79, 1, 6, NULL, 2000, 5, '2023-05-29'),
(2682, 49, 2, 2, 2, 350, 1, '2023-05-29'),
(2683, 56, 2, 4, 4, 800, 2, '2023-05-29'),
(2684, 76, 6, 3, 3, 1600, 4, '2023-05-30'),
(2685, 70, 3, 11, NULL, 1750, 5, '2023-05-30'),
(2686, 50, 1, 11, NULL, 350, 1, '2023-05-30'),
(2687, 43, 2, 1, 1, 900, 3, '2023-05-31'),
(2688, 33, 1, 5, NULL, 1200, 3, '2023-05-31'),
(2689, 6, 4, 6, NULL, 1050, 3, '2023-05-31'),
(2690, 38, 3, 4, 4, 1750, 5, '2023-05-31'),
(2691, 73, 3, 5, NULL, 1500, 5, '2023-05-31'),
(2692, 21, 4, 2, 2, 350, 1, '2023-06-01'),
(2693, 25, 6, 4, 4, 400, 1, '2023-06-01'),
(2694, 61, 5, 12, NULL, 800, 2, '2023-06-01'),
(2695, 35, 4, 6, NULL, 400, 1, '2023-06-02'),
(2696, 80, 5, 1, 1, 400, 1, '2023-06-02'),
(2697, 43, 3, 3, 3, 900, 3, '2023-06-02'),
(2698, 52, 4, 3, 3, 1500, 5, '2023-06-02'),
(2699, 53, 6, 2, 2, 600, 2, '2023-06-02'),
(2700, 37, 4, 4, 4, 1200, 3, '2023-06-02'),
(2701, 15, 4, 3, 3, 1050, 3, '2023-06-03'),
(2702, 69, 3, 10, NULL, 1400, 4, '2023-06-03'),
(2703, 48, 2, 7, NULL, 800, 2, '2023-06-03'),
(2704, 76, 5, 9, NULL, 800, 2, '2023-06-03'),
(2705, 45, 3, 4, 4, 1600, 4, '2023-06-03'),
(2706, 13, 6, 3, 3, 300, 1, '2023-06-03'),
(2707, 3, 5, 7, NULL, 1400, 4, '2023-06-04'),
(2708, 45, 3, 2, 2, 1200, 3, '2023-06-04'),
(2709, 16, 3, 10, NULL, 1500, 5, '2023-06-05'),
(2710, 23, 5, 4, 4, 1600, 4, '2023-06-05'),
(2711, 12, 1, 5, NULL, 1500, 5, '2023-06-05'),
(2712, 31, 3, 1, 1, 1600, 4, '2023-06-05'),
(2713, 48, 4, 1, 1, 400, 1, '2023-06-05'),
(2714, 27, 1, 1, 1, 800, 2, '2023-06-05'),
(2715, 10, 3, 10, NULL, 900, 3, '2023-06-06'),
(2716, 50, 5, 4, 4, 1400, 4, '2023-06-06'),
(2717, 24, 5, 1, 1, 1200, 3, '2023-06-06'),
(2718, 74, 4, 11, NULL, 1200, 4, '2023-06-07'),
(2719, 78, 2, 11, NULL, 2000, 5, '2023-06-07'),
(2720, 18, 2, 7, NULL, 900, 3, '2023-06-07'),
(2721, 42, 3, 3, 3, 900, 3, '2023-06-07'),
(2722, 71, 5, 9, NULL, 1400, 4, '2023-06-08'),
(2723, 61, 5, 2, 2, 400, 1, '2023-06-08'),
(2724, 43, 5, 6, NULL, 900, 3, '2023-06-08'),
(2725, 9, 5, 1, 1, 1750, 5, '2023-06-08'),
(2726, 42, 2, 1, 1, 300, 1, '2023-06-09'),
(2727, 43, 4, 1, 1, 600, 2, '2023-06-09'),
(2728, 42, 4, 10, NULL, 600, 2, '2023-06-09'),
(2729, 55, 2, 3, 3, 1200, 3, '2023-06-09'),
(2730, 23, 6, 1, 1, 2000, 5, '2023-06-09'),
(2731, 29, 5, 1, 1, 800, 2, '2023-06-09'),
(2732, 2, 4, 5, NULL, 700, 2, '2023-06-10'),
(2733, 69, 3, 4, 4, 1050, 3, '2023-06-10'),
(2734, 36, 1, 1, 1, 2000, 5, '2023-06-10'),
(2735, 17, 5, 5, NULL, 300, 1, '2023-06-10'),
(2736, 37, 2, 4, 4, 1600, 4, '2023-06-10'),
(2737, 3, 4, 6, NULL, 1750, 5, '2023-06-10'),
(2738, 23, 5, 1, 1, 2000, 5, '2023-06-10'),
(2739, 14, 2, 9, NULL, 700, 2, '2023-06-11'),
(2740, 35, 5, 7, NULL, 400, 1, '2023-06-11'),
(2741, 64, 5, 4, 4, 1050, 3, '2023-06-11'),
(2742, 48, 4, 8, NULL, 2000, 5, '2023-06-11'),
(2743, 47, 3, 1, 1, 2000, 5, '2023-06-11'),
(2744, 26, 1, 9, NULL, 1600, 4, '2023-06-12'),
(2745, 7, 6, 5, NULL, 1750, 5, '2023-06-12'),
(2746, 38, 4, 3, 3, 1750, 5, '2023-06-12'),
(2747, 76, 1, 1, 1, 400, 1, '2023-06-13'),
(2748, 62, 2, 2, 2, 1750, 5, '2023-06-13'),
(2749, 48, 3, 1, 1, 400, 1, '2023-06-13'),
(2750, 78, 2, 10, NULL, 1600, 4, '2023-06-14'),
(2751, 74, 2, 4, 4, 600, 2, '2023-06-14'),
(2752, 1, 1, 2, 2, 700, 2, '2023-06-14'),
(2753, 3, 2, 4, 4, 700, 2, '2023-06-14'),
(2754, 33, 6, 3, 3, 1600, 4, '2023-06-14'),
(2755, 38, 2, 1, 1, 1750, 5, '2023-06-14'),
(2756, 7, 2, 5, NULL, 350, 1, '2023-06-15'),
(2757, 22, 4, 9, NULL, 1600, 4, '2023-06-15'),
(2758, 20, 1, 7, NULL, 1400, 4, '2023-06-15'),
(2759, 79, 1, 5, NULL, 400, 1, '2023-06-15'),
(2760, 20, 2, 3, 3, 1750, 5, '2023-06-16'),
(2761, 27, 1, 11, NULL, 800, 2, '2023-06-16'),
(2762, 55, 3, 6, NULL, 800, 2, '2023-06-16'),
(2763, 63, 6, 3, 3, 700, 2, '2023-06-16'),
(2764, 4, 3, 1, 1, 700, 2, '2023-06-16'),
(2765, 78, 2, 10, NULL, 1600, 4, '2023-06-17'),
(2766, 71, 5, 7, NULL, 350, 1, '2023-06-17'),
(2767, 25, 6, 10, NULL, 800, 2, '2023-06-17'),
(2768, 8, 6, 1, 1, 700, 2, '2023-06-18'),
(2769, 77, 1, 5, NULL, 1200, 3, '2023-06-18'),
(2770, 73, 1, 5, NULL, 1200, 4, '2023-06-18'),
(2771, 72, 6, 2, 2, 1500, 5, '2023-06-18'),
(2772, 58, 4, 11, NULL, 400, 1, '2023-06-18'),
(2773, 62, 3, 11, NULL, 350, 1, '2023-06-18'),
(2774, 38, 4, 10, NULL, 700, 2, '2023-06-18'),
(2775, 27, 4, 2, 2, 1200, 3, '2023-06-19'),
(2776, 67, 3, 1, 1, 800, 2, '2023-06-19'),
(2777, 61, 1, 4, 4, 1600, 4, '2023-06-19'),
(2778, 70, 6, 1, 1, 1400, 4, '2023-06-19'),
(2779, 36, 4, 1, 1, 400, 1, '2023-06-20'),
(2780, 12, 4, 2, 2, 900, 3, '2023-06-20'),
(2781, 2, 4, 7, NULL, 1750, 5, '2023-06-20'),
(2782, 14, 5, 8, NULL, 1750, 5, '2023-06-20'),
(2783, 33, 2, 6, NULL, 2000, 5, '2023-06-20'),
(2784, 57, 1, 1, 1, 2000, 5, '2023-06-21'),
(2785, 38, 5, 3, 3, 350, 1, '2023-06-21'),
(2786, 60, 3, 11, NULL, 2000, 5, '2023-06-21'),
(2787, 58, 3, 12, NULL, 800, 2, '2023-06-21'),
(2788, 4, 3, 6, NULL, 350, 1, '2023-06-21'),
(2789, 57, 4, 3, 3, 800, 2, '2023-06-21'),
(2790, 10, 3, 3, 3, 900, 3, '2023-06-22'),
(2791, 72, 6, 2, 2, 600, 2, '2023-06-22'),
(2792, 35, 4, 7, NULL, 1200, 3, '2023-06-22'),
(2793, 62, 2, 1, 1, 1400, 4, '2023-06-22'),
(2794, 37, 1, 1, 1, 800, 2, '2023-06-22'),
(2795, 57, 5, 4, 4, 2000, 5, '2023-06-22'),
(2796, 72, 3, 10, NULL, 600, 2, '2023-06-23'),
(2797, 19, 4, 1, 1, 600, 2, '2023-06-23'),
(2798, 79, 3, 11, NULL, 2000, 5, '2023-06-23'),
(2799, 9, 2, 10, NULL, 350, 1, '2023-06-23'),
(2800, 50, 4, 2, 2, 1050, 3, '2023-06-23'),
(2801, 4, 1, 4, 4, 350, 1, '2023-06-23'),
(2802, 21, 2, 11, NULL, 700, 2, '2023-06-23'),
(2803, 61, 6, 3, 3, 2000, 5, '2023-06-24'),
(2804, 58, 3, 10, NULL, 800, 2, '2023-06-24'),
(2805, 35, 2, 2, 2, 1200, 3, '2023-06-24'),
(2806, 58, 5, 2, 2, 2000, 5, '2023-06-24'),
(2807, 57, 6, 11, NULL, 400, 1, '2023-06-25'),
(2808, 45, 6, 3, 3, 2000, 5, '2023-06-25'),
(2809, 45, 6, 1, 1, 1600, 4, '2023-06-25'),
(2810, 30, 4, 1, 1, 800, 2, '2023-06-25'),
(2811, 58, 1, 11, NULL, 1200, 3, '2023-06-25'),
(2812, 50, 3, 2, 2, 1400, 4, '2023-06-25'),
(2813, 36, 2, 1, 1, 1600, 4, '2023-06-26'),
(2814, 56, 5, 11, NULL, 400, 1, '2023-06-26'),
(2815, 63, 5, 1, 1, 1750, 5, '2023-06-26'),
(2816, 44, 1, 6, NULL, 800, 2, '2023-06-27'),
(2817, 68, 1, 2, 2, 1750, 5, '2023-06-27'),
(2818, 61, 1, 9, NULL, 1200, 3, '2023-06-27'),
(2819, 25, 3, 1, 1, 1200, 3, '2023-06-27'),
(2820, 52, 6, 11, NULL, 300, 1, '2023-06-27'),
(2821, 41, 1, 3, 3, 300, 1, '2023-06-27'),
(2822, 62, 5, 2, 2, 1050, 3, '2023-06-27'),
(2823, 34, 5, 3, 3, 1200, 3, '2023-06-28'),
(2824, 9, 4, 3, 3, 350, 1, '2023-06-28'),
(2825, 68, 6, 7, NULL, 350, 1, '2023-06-28'),
(2826, 4, 2, 9, NULL, 350, 1, '2023-06-28'),
(2827, 10, 1, 2, 2, 300, 1, '2023-06-28'),
(2828, 23, 1, 11, NULL, 400, 1, '2023-06-29'),
(2829, 20, 2, 2, 2, 1750, 5, '2023-06-29'),
(2830, 34, 1, 1, 1, 800, 2, '2023-06-29'),
(2831, 71, 5, 7, NULL, 1400, 4, '2023-06-29'),
(2832, 25, 5, 11, NULL, 1200, 3, '2023-06-29'),
(2833, 38, 2, 5, NULL, 700, 2, '2023-06-30'),
(2834, 80, 4, 7, NULL, 1200, 3, '2023-06-30'),
(2835, 25, 4, 1, 1, 800, 2, '2023-06-30'),
(2836, 9, 4, 5, NULL, 350, 1, '2023-06-30'),
(2837, 80, 6, 7, NULL, 1200, 3, '2023-06-30'),
(2838, 4, 2, 2, 2, 700, 2, '2023-07-01'),
(2839, 50, 5, 11, NULL, 700, 2, '2023-07-01'),
(2840, 57, 5, 10, NULL, 1600, 4, '2023-07-01'),
(2841, 36, 4, 10, NULL, 800, 2, '2023-07-01'),
(2842, 45, 2, 11, NULL, 1600, 4, '2023-07-02'),
(2843, 5, 5, 11, NULL, 350, 1, '2023-07-02'),
(2844, 72, 6, 6, NULL, 1500, 5, '2023-07-02'),
(2845, 60, 6, 1, 1, 1200, 3, '2023-07-02'),
(2846, 72, 5, 4, 4, 1200, 4, '2023-07-02'),
(2847, 29, 1, 11, NULL, 2000, 5, '2023-07-02'),
(2848, 22, 2, 12, NULL, 1200, 3, '2023-07-03'),
(2849, 57, 2, 1, 1, 2000, 5, '2023-07-03'),
(2850, 51, 4, 4, 4, 300, 1, '2023-07-03'),
(2851, 69, 5, 5, NULL, 1750, 5, '2023-07-03'),
(2852, 74, 5, 7, NULL, 1200, 4, '2023-07-03'),
(2853, 68, 5, 4, 4, 1750, 5, '2023-07-03'),
(2854, 21, 6, 2, 2, 1750, 5, '2023-07-03'),
(2855, 55, 1, 10, NULL, 1600, 4, '2023-07-04'),
(2856, 10, 3, 3, 3, 900, 3, '2023-07-04'),
(2857, 38, 1, 4, 4, 1050, 3, '2023-07-05'),
(2858, 60, 1, 2, 2, 400, 1, '2023-07-05'),
(2859, 43, 5, 2, 2, 900, 3, '2023-07-05'),
(2860, 44, 2, 4, 4, 800, 2, '2023-07-05'),
(2861, 38, 3, 3, 3, 1050, 3, '2023-07-05'),
(2862, 61, 4, 6, NULL, 1200, 3, '2023-07-05'),
(2863, 47, 6, 6, NULL, 2000, 5, '2023-07-06'),
(2864, 46, 2, 12, NULL, 1600, 4, '2023-07-06'),
(2865, 68, 2, 11, NULL, 700, 2, '2023-07-06'),
(2866, 59, 2, 1, 1, 400, 1, '2023-07-06'),
(2867, 51, 5, 10, NULL, 900, 3, '2023-07-06'),
(2868, 48, 6, 1, 1, 800, 2, '2023-07-07'),
(2869, 10, 6, 11, NULL, 300, 1, '2023-07-07'),
(2870, 72, 2, 3, 3, 900, 3, '2023-07-07'),
(2871, 73, 1, 4, 4, 900, 3, '2023-07-07'),
(2872, 46, 2, 12, NULL, 2000, 5, '2023-07-08'),
(2873, 16, 3, 11, NULL, 900, 3, '2023-07-08'),
(2874, 35, 1, 10, NULL, 1600, 4, '2023-07-08'),
(2875, 30, 4, 5, NULL, 2000, 5, '2023-07-08'),
(2876, 79, 2, 1, 1, 800, 2, '2023-07-08'),
(2877, 54, 5, 3, 3, 300, 1, '2023-07-09'),
(2878, 63, 6, 2, 2, 1050, 3, '2023-07-09'),
(2879, 45, 1, 5, NULL, 2000, 5, '2023-07-09'),
(2880, 24, 2, 2, 2, 400, 1, '2023-07-09'),
(2881, 73, 3, 11, NULL, 900, 3, '2023-07-09'),
(2882, 32, 3, 9, NULL, 1200, 3, '2023-07-10'),
(2883, 23, 4, 1, 1, 400, 1, '2023-07-10'),
(2884, 3, 6, 1, 1, 1050, 3, '2023-07-10'),
(2885, 33, 1, 2, 2, 800, 2, '2023-07-10'),
(2886, 25, 6, 11, NULL, 1200, 3, '2023-07-10'),
(2887, 31, 4, 11, NULL, 400, 1, '2023-07-10'),
(2888, 65, 4, 3, 3, 350, 1, '2023-07-11'),
(2889, 75, 5, 11, NULL, 900, 3, '2023-07-11'),
(2890, 18, 4, 2, 2, 1500, 5, '2023-07-11'),
(2891, 62, 4, 9, NULL, 1050, 3, '2023-07-11'),
(2892, 73, 4, 2, 2, 1200, 4, '2023-07-11'),
(2893, 74, 6, 10, NULL, 900, 3, '2023-07-11'),
(2894, 51, 4, 11, NULL, 900, 3, '2023-07-12'),
(2895, 53, 6, 2, 2, 900, 3, '2023-07-12'),
(2896, 30, 3, 10, NULL, 1600, 4, '2023-07-12'),
(2897, 2, 1, 2, 2, 1400, 4, '2023-07-13'),
(2898, 51, 5, 4, 4, 900, 3, '2023-07-13'),
(2899, 36, 6, 3, 3, 400, 1, '2023-07-13'),
(2900, 52, 6, 1, 1, 1200, 4, '2023-07-13'),
(2901, 7, 5, 4, 4, 1050, 3, '2023-07-14'),
(2902, 4, 2, 2, 2, 1050, 3, '2023-07-14'),
(2903, 62, 6, 5, NULL, 350, 1, '2023-07-14'),
(2904, 62, 4, 4, 4, 1400, 4, '2023-07-14'),
(2905, 5, 1, 2, 2, 1400, 4, '2023-07-15'),
(2906, 22, 4, 11, NULL, 1200, 3, '2023-07-15'),
(2907, 8, 4, 2, 2, 350, 1, '2023-07-15'),
(2908, 41, 3, 2, 2, 300, 1, '2023-07-16'),
(2909, 37, 2, 11, NULL, 1200, 3, '2023-07-16'),
(2910, 53, 5, 5, NULL, 900, 3, '2023-07-16'),
(2911, 33, 3, 11, NULL, 2000, 5, '2023-07-16'),
(2912, 26, 3, 3, 3, 1200, 3, '2023-07-16'),
(2913, 66, 4, 7, NULL, 400, 1, '2023-07-16'),
(2914, 8, 5, 2, 2, 1750, 5, '2023-07-16'),
(2915, 46, 4, 3, 3, 400, 1, '2023-07-17'),
(2916, 5, 2, 3, 3, 1400, 4, '2023-07-17'),
(2917, 13, 4, 1, 1, 1500, 5, '2023-07-17'),
(2918, 19, 1, 6, NULL, 1500, 5, '2023-07-18'),
(2919, 69, 5, 4, 4, 1750, 5, '2023-07-18'),
(2920, 76, 4, 3, 3, 800, 2, '2023-07-18'),
(2921, 2, 2, 6, NULL, 700, 2, '2023-07-18'),
(2922, 38, 2, 10, NULL, 1400, 4, '2023-07-19'),
(2923, 55, 6, 10, NULL, 1200, 3, '2023-07-19'),
(2924, 57, 5, 11, NULL, 800, 2, '2023-07-19'),
(2925, 80, 1, 7, NULL, 2000, 5, '2023-07-19'),
(2926, 25, 1, 2, 2, 1600, 4, '2023-07-19'),
(2927, 73, 6, 4, 4, 600, 2, '2023-07-19'),
(2928, 74, 2, 2, 2, 1500, 5, '2023-07-20'),
(2929, 31, 4, 7, NULL, 1200, 3, '2023-07-20'),
(2930, 72, 5, 1, 1, 300, 1, '2023-07-20'),
(2931, 54, 3, 1, 1, 600, 2, '2023-07-21'),
(2932, 71, 3, 2, 2, 1050, 3, '2023-07-21'),
(2933, 27, 1, 4, 4, 1600, 4, '2023-07-21'),
(2934, 1, 1, 10, NULL, 1400, 4, '2023-07-21'),
(2935, 73, 6, 3, 3, 900, 3, '2023-07-21'),
(2936, 64, 5, 4, 4, 700, 2, '2023-07-21'),
(2937, 50, 5, 1, 1, 1050, 3, '2023-07-22'),
(2938, 19, 4, 6, NULL, 600, 2, '2023-07-22'),
(2939, 61, 5, 1, 1, 1600, 4, '2023-07-22'),
(2940, 61, 1, 2, 2, 400, 1, '2023-07-22'),
(2941, 79, 6, 6, NULL, 2000, 5, '2023-07-22'),
(2942, 12, 1, 10, NULL, 600, 2, '2023-07-22'),
(2943, 49, 4, 1, 1, 1400, 4, '2023-07-22'),
(2944, 33, 6, 6, NULL, 1600, 4, '2023-07-23'),
(2945, 74, 6, 5, NULL, 600, 2, '2023-07-23'),
(2946, 63, 3, 1, 1, 1050, 3, '2023-07-23'),
(2947, 12, 1, 12, NULL, 300, 1, '2023-07-23'),
(2948, 57, 5, 3, 3, 800, 2, '2023-07-23'),
(2949, 4, 5, 4, 4, 1750, 5, '2023-07-23'),
(2950, 23, 1, 2, 2, 1200, 3, '2023-07-23'),
(2951, 31, 5, 11, NULL, 2000, 5, '2023-07-24'),
(2952, 46, 1, 11, NULL, 1600, 4, '2023-07-24'),
(2953, 57, 1, 5, NULL, 1600, 4, '2023-07-24'),
(2954, 5, 1, 3, 3, 1050, 3, '2023-07-24'),
(2955, 76, 6, 7, NULL, 400, 1, '2023-07-24'),
(2956, 8, 4, 4, 4, 1400, 4, '2023-07-24'),
(2957, 58, 5, 3, 3, 2000, 5, '2023-07-25'),
(2958, 31, 2, 11, NULL, 1600, 4, '2023-07-25'),
(2959, 18, 6, 5, NULL, 300, 1, '2023-07-25'),
(2960, 29, 5, 1, 1, 1600, 4, '2023-07-26'),
(2961, 45, 4, 4, 4, 1200, 3, '2023-07-26'),
(2962, 22, 6, 7, NULL, 2000, 5, '2023-07-26'),
(2963, 3, 6, 4, 4, 700, 2, '2023-07-26'),
(2964, 51, 2, 3, 3, 300, 1, '2023-07-27'),
(2965, 10, 2, 3, 3, 1500, 5, '2023-07-27'),
(2966, 35, 3, 7, NULL, 400, 1, '2023-07-27'),
(2967, 3, 5, 7, NULL, 350, 1, '2023-07-28'),
(2968, 1, 2, 1, 1, 1400, 4, '2023-07-28'),
(2969, 68, 6, 7, NULL, 350, 1, '2023-07-28'),
(2970, 72, 6, 6, NULL, 300, 1, '2023-07-28'),
(2971, 73, 6, 2, 2, 600, 2, '2023-07-28'),
(2972, 23, 3, 3, 3, 2000, 5, '2023-07-28'),
(2973, 38, 4, 2, 2, 1750, 5, '2023-07-28'),
(2974, 8, 3, 1, 1, 350, 1, '2023-07-29'),
(2975, 59, 4, 1, 1, 400, 1, '2023-07-29'),
(2976, 55, 1, 10, NULL, 1600, 4, '2023-07-29'),
(2977, 42, 1, 4, 4, 900, 3, '2023-07-29'),
(2978, 52, 3, 4, 4, 1500, 5, '2023-07-30'),
(2979, 53, 3, 1, 1, 900, 3, '2023-07-30'),
(2980, 1, 2, 11, NULL, 1050, 3, '2023-07-30'),
(2981, 51, 6, 2, 2, 1200, 4, '2023-07-30'),
(2982, 49, 6, 10, NULL, 1400, 4, '2023-07-31'),
(2983, 62, 1, 10, NULL, 1050, 3, '2023-07-31'),
(2984, 33, 5, 7, NULL, 400, 1, '2023-07-31'),
(2985, 72, 1, 7, NULL, 300, 1, '2023-07-31'),
(2986, 53, 3, 3, 3, 600, 2, '2023-07-31'),
(2987, 46, 4, 3, 3, 800, 2, '2023-07-31'),
(2988, 11, 5, 12, NULL, 600, 2, '2023-08-01'),
(2989, 27, 2, 11, NULL, 2000, 5, '2023-08-01'),
(2990, 70, 1, 11, NULL, 1050, 3, '2023-08-01'),
(2991, 19, 4, 10, NULL, 900, 3, '2023-08-02'),
(2992, 67, 6, 10, NULL, 800, 2, '2023-08-02'),
(2993, 11, 3, 3, 3, 1500, 5, '2023-08-02'),
(2994, 63, 3, 5, NULL, 350, 1, '2023-08-03'),
(2995, 8, 1, 6, NULL, 350, 1, '2023-08-03'),
(2996, 33, 1, 2, 2, 800, 2, '2023-08-03'),
(2997, 23, 6, 1, 1, 1600, 4, '2023-08-03'),
(2998, 35, 6, 3, 3, 800, 2, '2023-08-03'),
(2999, 22, 3, 3, 3, 2000, 5, '2023-08-03'),
(3000, 78, 1, 3, 3, 1600, 4, '2023-08-03'),
(3001, 36, 3, 11, NULL, 400, 1, '2023-08-04'),
(3002, 26, 4, 5, NULL, 1600, 4, '2023-08-04'),
(3003, 13, 5, 6, NULL, 300, 1, '2023-08-04'),
(3004, 61, 1, 11, NULL, 2000, 5, '2023-08-04'),
(3005, 10, 6, 10, NULL, 1200, 4, '2023-08-05'),
(3006, 33, 4, 10, NULL, 2000, 5, '2023-08-05'),
(3007, 76, 1, 4, 4, 800, 2, '2023-08-05'),
(3008, 47, 5, 11, NULL, 1600, 4, '2023-08-05'),
(3009, 1, 5, 5, NULL, 350, 1, '2023-08-06'),
(3010, 50, 4, 7, NULL, 350, 1, '2023-08-06'),
(3011, 18, 3, 9, NULL, 1200, 4, '2023-08-06'),
(3012, 66, 5, 11, NULL, 800, 2, '2023-08-06'),
(3013, 65, 6, 10, NULL, 350, 1, '2023-08-06'),
(3014, 51, 3, 11, NULL, 300, 1, '2023-08-06'),
(3015, 11, 4, 4, 4, 900, 3, '2023-08-07'),
(3016, 3, 5, 9, NULL, 1400, 4, '2023-08-07'),
(3017, 65, 5, 11, NULL, 700, 2, '2023-08-07'),
(3018, 52, 1, 1, 1, 600, 2, '2023-08-07'),
(3019, 64, 2, 3, 3, 1400, 4, '2023-08-08'),
(3020, 45, 2, 2, 2, 1600, 4, '2023-08-08'),
(3021, 49, 3, 5, NULL, 700, 2, '2023-08-08'),
(3022, 5, 1, 6, NULL, 700, 2, '2023-08-08'),
(3023, 49, 4, 1, 1, 1750, 5, '2023-08-08'),
(3024, 33, 3, 8, NULL, 1600, 4, '2023-08-08'),
(3025, 73, 1, 3, 3, 1500, 5, '2023-08-09'),
(3026, 71, 1, 10, NULL, 1050, 3, '2023-08-09'),
(3027, 48, 5, 1, 1, 800, 2, '2023-08-09'),
(3028, 27, 5, 7, NULL, 800, 2, '2023-08-09'),
(3029, 54, 2, 1, 1, 900, 3, '2023-08-09'),
(3030, 41, 6, 11, NULL, 900, 3, '2023-08-10'),
(3031, 65, 4, 1, 1, 1750, 5, '2023-08-10'),
(3032, 5, 6, 6, NULL, 350, 1, '2023-08-10'),
(3033, 45, 2, 11, NULL, 800, 2, '2023-08-11'),
(3034, 6, 2, 2, 2, 1750, 5, '2023-08-11'),
(3035, 55, 3, 2, 2, 1200, 3, '2023-08-11'),
(3036, 68, 2, 2, 2, 1050, 3, '2023-08-11'),
(3037, 25, 5, 11, NULL, 2000, 5, '2023-08-12'),
(3038, 36, 2, 9, NULL, 800, 2, '2023-08-12'),
(3039, 67, 1, 4, 4, 1200, 3, '2023-08-12'),
(3040, 49, 3, 9, NULL, 1050, 3, '2023-08-13'),
(3041, 22, 2, 2, 2, 1600, 4, '2023-08-13'),
(3042, 49, 6, 2, 2, 350, 1, '2023-08-13'),
(3043, 57, 5, 5, NULL, 1600, 4, '2023-08-13'),
(3044, 38, 1, 3, 3, 1050, 3, '2023-08-14'),
(3045, 3, 3, 3, 3, 1400, 4, '2023-08-14'),
(3046, 70, 6, 11, NULL, 1400, 4, '2023-08-14'),
(3047, 40, 6, 1, 1, 1500, 5, '2023-08-14'),
(3048, 77, 6, 4, 4, 1600, 4, '2023-08-14'),
(3049, 23, 4, 4, 4, 400, 1, '2023-08-14'),
(3050, 74, 1, 6, NULL, 1500, 5, '2023-08-14'),
(3051, 71, 2, 3, 3, 1400, 4, '2023-08-15'),
(3052, 26, 6, 2, 2, 400, 1, '2023-08-15'),
(3053, 20, 6, 2, 2, 1750, 5, '2023-08-15'),
(3054, 36, 1, 2, 2, 1200, 3, '2023-08-15'),
(3055, 78, 6, 4, 4, 800, 2, '2023-08-15'),
(3056, 39, 5, 1, 1, 1400, 4, '2023-08-16'),
(3057, 67, 5, 1, 1, 400, 1, '2023-08-16'),
(3058, 17, 2, 3, 3, 600, 2, '2023-08-16'),
(3059, 81, 1, 3, 3, 800, 2, '2023-08-16'),
(3060, 79, 4, 11, NULL, 1200, 3, '2023-08-16'),
(3061, 81, 3, 3, 3, 2000, 5, '2023-08-16'),
(3062, 34, 3, 3, 3, 1200, 3, '2023-08-16'),
(3063, 74, 4, 3, 3, 900, 3, '2023-08-17'),
(3064, 2, 4, 11, NULL, 1050, 3, '2023-08-17'),
(3065, 63, 3, 1, 1, 1400, 4, '2023-08-17'),
(3066, 4, 4, 4, 4, 700, 2, '2023-08-18'),
(3067, 40, 3, 1, 1, 1500, 5, '2023-08-18'),
(3068, 56, 5, 10, NULL, 400, 1, '2023-08-18'),
(3069, 59, 6, 2, 2, 2000, 5, '2023-08-18'),
(3070, 20, 2, 10, NULL, 700, 2, '2023-08-18'),
(3071, 56, 3, 10, NULL, 1200, 3, '2023-08-19'),
(3072, 49, 6, 1, 1, 1400, 4, '2023-08-19'),
(3073, 61, 2, 11, NULL, 800, 2, '2023-08-19'),
(3074, 3, 6, 4, 4, 700, 2, '2023-08-19'),
(3075, 48, 2, 5, NULL, 1200, 3, '2023-08-20'),
(3076, 31, 6, 10, NULL, 1600, 4, '2023-08-20'),
(3077, 72, 2, 5, NULL, 1500, 5, '2023-08-20'),
(3078, 66, 4, 3, 3, 1600, 4, '2023-08-20'),
(3079, 37, 1, 2, 2, 1200, 3, '2023-08-21'),
(3080, 15, 2, 3, 3, 1400, 4, '2023-08-21'),
(3081, 68, 5, 6, NULL, 350, 1, '2023-08-21'),
(3082, 18, 3, 6, NULL, 1200, 4, '2023-08-21'),
(3083, 53, 4, 10, NULL, 600, 2, '2023-08-21'),
(3084, 65, 1, 1, 1, 1750, 5, '2023-08-22'),
(3085, 53, 2, 2, 2, 1200, 4, '2023-08-22'),
(3086, 71, 2, 7, NULL, 1750, 5, '2023-08-22'),
(3087, 78, 5, 2, 2, 1200, 3, '2023-08-23'),
(3088, 77, 6, 7, NULL, 1200, 3, '2023-08-23'),
(3089, 29, 3, 11, NULL, 1600, 4, '2023-08-23'),
(3090, 49, 2, 1, 1, 1750, 5, '2023-08-23'),
(3091, 59, 4, 9, NULL, 2000, 5, '2023-08-24'),
(3092, 6, 1, 10, NULL, 1400, 4, '2023-08-24'),
(3093, 55, 4, 3, 3, 800, 2, '2023-08-24'),
(3094, 34, 3, 11, NULL, 1200, 3, '2023-08-24'),
(3095, 45, 4, 2, 2, 2000, 5, '2023-08-24'),
(3096, 4, 4, 3, 3, 1750, 5, '2023-08-24'),
(3097, 77, 5, 1, 1, 800, 2, '2023-08-24'),
(3098, 41, 4, 1, 1, 1200, 4, '2023-08-25'),
(3099, 45, 4, 1, 1, 2000, 5, '2023-08-25'),
(3100, 64, 4, 2, 2, 700, 2, '2023-08-25'),
(3101, 39, 2, 10, NULL, 1050, 3, '2023-08-26'),
(3102, 3, 6, 9, NULL, 1400, 4, '2023-08-26'),
(3103, 52, 6, 11, NULL, 600, 2, '2023-08-26'),
(3104, 10, 2, 6, NULL, 600, 2, '2023-08-26'),
(3105, 35, 2, 12, NULL, 2000, 5, '2023-08-26'),
(3106, 35, 4, 11, NULL, 1200, 3, '2023-08-26'),
(3107, 17, 1, 2, 2, 300, 1, '2023-08-27'),
(3108, 66, 3, 11, NULL, 800, 2, '2023-08-27'),
(3109, 34, 5, 11, NULL, 2000, 5, '2023-08-27'),
(3110, 2, 3, 9, NULL, 350, 1, '2023-08-27'),
(3111, 41, 3, 12, NULL, 300, 1, '2023-08-27'),
(3112, 9, 1, 2, 2, 1750, 5, '2023-08-28'),
(3113, 32, 4, 10, NULL, 1200, 3, '2023-08-28'),
(3114, 53, 1, 1, 1, 1500, 5, '2023-08-28'),
(3115, 24, 3, 2, 2, 800, 2, '2023-08-28'),
(3116, 42, 2, 5, NULL, 1500, 5, '2023-08-28'),
(3117, 79, 6, 6, NULL, 1200, 3, '2023-08-28'),
(3118, 75, 5, 3, 3, 1500, 5, '2023-08-28'),
(3119, 22, 3, 2, 2, 1600, 4, '2023-08-29'),
(3120, 55, 1, 6, NULL, 1600, 4, '2023-08-29'),
(3121, 6, 3, 3, 3, 350, 1, '2023-08-29'),
(3122, 32, 1, 11, NULL, 400, 1, '2023-08-29'),
(3123, 34, 3, 2, 2, 800, 2, '2023-08-29'),
(3124, 63, 4, 4, 4, 700, 2, '2023-08-30'),
(3125, 18, 5, 1, 1, 1200, 4, '2023-08-30'),
(3126, 73, 6, 11, NULL, 1500, 5, '2023-08-30'),
(3127, 31, 3, 1, 1, 400, 1, '2023-08-30'),
(3128, 80, 4, 11, NULL, 2000, 5, '2023-08-30'),
(3129, 13, 3, 9, NULL, 300, 1, '2023-08-30'),
(3130, 54, 1, 1, 1, 1500, 5, '2023-08-30'),
(3131, 60, 2, 3, 3, 1200, 3, '2023-08-31'),
(3132, 46, 1, 12, NULL, 400, 1, '2023-08-31'),
(3133, 3, 3, 3, 3, 350, 1, '2023-08-31'),
(3134, 36, 5, 11, NULL, 400, 1, '2023-08-31'),
(3135, 26, 3, 2, 2, 1200, 3, '2023-09-01'),
(3136, 75, 4, 3, 3, 600, 2, '2023-09-01'),
(3137, 26, 5, 10, NULL, 2000, 5, '2023-09-01'),
(3138, 29, 5, 1, 1, 800, 2, '2023-09-01'),
(3139, 62, 5, 10, NULL, 1050, 3, '2023-09-02'),
(3140, 47, 2, 4, 4, 800, 2, '2023-09-02'),
(3141, 41, 3, 4, 4, 1200, 4, '2023-09-02'),
(3142, 23, 2, 1, 1, 1200, 3, '2023-09-02'),
(3143, 31, 3, 4, 4, 2000, 5, '2023-09-03'),
(3144, 73, 4, 12, NULL, 1500, 5, '2023-09-03'),
(3145, 22, 4, 11, NULL, 1200, 3, '2023-09-03'),
(3146, 37, 5, 1, 1, 1200, 3, '2023-09-03'),
(3147, 15, 2, 3, 3, 1050, 3, '2023-09-03'),
(3148, 62, 3, 5, NULL, 1400, 4, '2023-09-03'),
(3149, 47, 5, 6, NULL, 1600, 4, '2023-09-04'),
(3150, 74, 6, 3, 3, 600, 2, '2023-09-04'),
(3151, 46, 4, 6, NULL, 400, 1, '2023-09-04'),
(3152, 3, 2, 4, 4, 1050, 3, '2023-09-04'),
(3153, 74, 4, 5, NULL, 900, 3, '2023-09-04'),
(3154, 61, 2, 1, 1, 1600, 4, '2023-09-04'),
(3155, 37, 5, 4, 4, 1200, 3, '2023-09-05'),
(3156, 68, 3, 3, 3, 350, 1, '2023-09-05'),
(3157, 67, 1, 1, 1, 800, 2, '2023-09-05'),
(3158, 65, 2, 4, 4, 700, 2, '2023-09-05'),
(3159, 19, 5, 10, NULL, 1500, 5, '2023-09-06'),
(3160, 12, 3, 10, NULL, 1200, 4, '2023-09-06'),
(3161, 16, 5, 10, NULL, 900, 3, '2023-09-06'),
(3162, 34, 5, 5, NULL, 1600, 4, '2023-09-06'),
(3163, 33, 5, 5, NULL, 400, 1, '2023-09-07'),
(3164, 49, 4, 10, NULL, 1050, 3, '2023-09-07'),
(3165, 35, 3, 4, 4, 800, 2, '2023-09-07'),
(3166, 25, 2, 1, 1, 1200, 3, '2023-09-07'),
(3167, 43, 1, 4, 4, 1200, 4, '2023-09-07'),
(3168, 25, 3, 12, NULL, 400, 1, '2023-09-07'),
(3169, 63, 6, 11, NULL, 1050, 3, '2023-09-07'),
(3170, 48, 6, 10, NULL, 400, 1, '2023-09-08'),
(3171, 78, 3, 2, 2, 800, 2, '2023-09-08'),
(3172, 57, 6, 6, NULL, 2000, 5, '2023-09-08'),
(3173, 52, 2, 7, NULL, 1200, 4, '2023-09-08'),
(3174, 77, 5, 5, NULL, 400, 1, '2023-09-08'),
(3175, 30, 2, 2, 2, 1200, 3, '2023-09-08'),
(3176, 77, 2, 4, 4, 2000, 5, '2023-09-09'),
(3177, 50, 6, 3, 3, 1050, 3, '2023-09-09'),
(3178, 7, 6, 6, NULL, 1750, 5, '2023-09-09'),
(3179, 51, 2, 6, NULL, 300, 1, '2023-09-09'),
(3180, 61, 1, 10, NULL, 2000, 5, '2023-09-10'),
(3181, 38, 1, 7, NULL, 1750, 5, '2023-09-10'),
(3182, 43, 4, 6, NULL, 600, 2, '2023-09-10'),
(3183, 15, 1, 6, NULL, 1750, 5, '2023-09-10'),
(3184, 35, 4, 6, NULL, 1200, 3, '2023-09-10'),
(3185, 12, 6, 7, NULL, 900, 3, '2023-09-10'),
(3186, 6, 3, 11, NULL, 350, 1, '2023-09-11'),
(3187, 35, 6, 9, NULL, 1200, 3, '2023-09-11'),
(3188, 38, 6, 2, 2, 350, 1, '2023-09-11'),
(3189, 30, 5, 4, 4, 1600, 4, '2023-09-11'),
(3190, 16, 6, 3, 3, 900, 3, '2023-09-12'),
(3191, 29, 2, 1, 1, 1200, 3, '2023-09-12'),
(3192, 58, 1, 1, 1, 400, 1, '2023-09-12'),
(3193, 72, 5, 4, 4, 1200, 4, '2023-09-12'),
(3194, 54, 6, 2, 2, 1500, 5, '2023-09-12'),
(3195, 44, 6, 2, 2, 1600, 4, '2023-09-12'),
(3196, 54, 4, 3, 3, 1500, 5, '2023-09-13'),
(3197, 32, 5, 3, 3, 2000, 5, '2023-09-13'),
(3198, 1, 5, 8, NULL, 1400, 4, '2023-09-13'),
(3199, 67, 2, 1, 1, 1200, 3, '2023-09-14'),
(3200, 39, 3, 10, NULL, 350, 1, '2023-09-14'),
(3201, 76, 2, 3, 3, 400, 1, '2023-09-14'),
(3202, 28, 6, 6, NULL, 2000, 5, '2023-09-14'),
(3203, 48, 2, 7, NULL, 400, 1, '2023-09-15'),
(3204, 66, 1, 3, 3, 400, 1, '2023-09-15'),
(3205, 68, 1, 2, 2, 1750, 5, '2023-09-15'),
(3206, 23, 1, 1, 1, 400, 1, '2023-09-15'),
(3207, 68, 5, 11, NULL, 1750, 5, '2023-09-15'),
(3208, 6, 1, 4, 4, 350, 1, '2023-09-16'),
(3209, 53, 4, 1, 1, 600, 2, '2023-09-16'),
(3210, 33, 1, 3, 3, 800, 2, '2023-09-16'),
(3211, 33, 3, 7, NULL, 1600, 4, '2023-09-16'),
(3212, 77, 2, 7, NULL, 800, 2, '2023-09-16'),
(3213, 3, 1, 10, NULL, 1050, 3, '2023-09-16'),
(3214, 4, 1, 1, 1, 1750, 5, '2023-09-17'),
(3215, 74, 3, 4, 4, 900, 3, '2023-09-17'),
(3216, 16, 6, 6, NULL, 900, 3, '2023-09-18'),
(3217, 3, 4, 10, NULL, 1400, 4, '2023-09-18'),
(3218, 61, 4, 7, NULL, 1600, 4, '2023-09-18'),
(3219, 38, 2, 4, 4, 350, 1, '2023-09-19'),
(3220, 15, 6, 1, 1, 1050, 3, '2023-09-19'),
(3221, 3, 5, 2, 2, 1400, 4, '2023-09-19'),
(3222, 67, 3, 10, NULL, 1200, 3, '2023-09-19'),
(3223, 23, 1, 4, 4, 400, 1, '2023-09-19'),
(3224, 32, 6, 11, NULL, 2000, 5, '2023-09-19'),
(3225, 72, 6, 11, NULL, 900, 3, '2023-09-20'),
(3226, 30, 2, 1, 1, 400, 1, '2023-09-20'),
(3227, 19, 5, 3, 3, 900, 3, '2023-09-21'),
(3228, 2, 4, 5, NULL, 1050, 3, '2023-09-21'),
(3229, 39, 1, 7, NULL, 1400, 4, '2023-09-21'),
(3230, 27, 6, 4, 4, 800, 2, '2023-09-21'),
(3231, 51, 2, 11, NULL, 900, 3, '2023-09-21'),
(3232, 3, 1, 2, 2, 350, 1, '2023-09-22'),
(3233, 44, 3, 7, NULL, 1600, 4, '2023-09-22'),
(3234, 7, 1, 11, NULL, 700, 2, '2023-09-22'),
(3235, 63, 6, 10, NULL, 1400, 4, '2023-09-22'),
(3236, 62, 2, 2, 2, 1050, 3, '2023-09-22'),
(3237, 56, 5, 3, 3, 2000, 5, '2023-09-22'),
(3238, 63, 5, 7, NULL, 1400, 4, '2023-09-23'),
(3239, 53, 4, 10, NULL, 300, 1, '2023-09-23'),
(3240, 3, 4, 1, 1, 1400, 4, '2023-09-23'),
(3241, 23, 4, 1, 1, 1200, 3, '2023-09-23'),
(3242, 1, 4, 11, NULL, 350, 1, '2023-09-24'),
(3243, 50, 4, 3, 3, 1050, 3, '2023-09-24'),
(3244, 32, 4, 3, 3, 1200, 3, '2023-09-24'),
(3245, 7, 5, 11, NULL, 1750, 5, '2023-09-24'),
(3246, 41, 5, 3, 3, 1200, 4, '2023-09-24'),
(3247, 4, 1, 3, 3, 1400, 4, '2023-09-24'),
(3248, 32, 5, 11, NULL, 800, 2, '2023-09-24'),
(3249, 75, 6, 4, 4, 300, 1, '2023-09-25'),
(3250, 28, 3, 7, NULL, 1200, 3, '2023-09-25'),
(3251, 67, 1, 3, 3, 1200, 3, '2023-09-26'),
(3252, 23, 5, 11, NULL, 2000, 5, '2023-09-26'),
(3253, 18, 6, 5, NULL, 1500, 5, '2023-09-26'),
(3254, 10, 3, 5, NULL, 1200, 4, '2023-09-27'),
(3255, 9, 2, 9, NULL, 1050, 3, '2023-09-27'),
(3256, 21, 5, 11, NULL, 350, 1, '2023-09-27'),
(3257, 47, 4, 7, NULL, 400, 1, '2023-09-28'),
(3258, 58, 2, 6, NULL, 2000, 5, '2023-09-28'),
(3259, 47, 3, 9, NULL, 1200, 3, '2023-09-28'),
(3260, 38, 4, 10, NULL, 1050, 3, '2023-09-28'),
(3261, 79, 2, 2, 2, 400, 1, '2023-09-29'),
(3262, 66, 4, 10, NULL, 800, 2, '2023-09-29'),
(3263, 43, 4, 6, NULL, 1200, 4, '2023-09-29'),
(3264, 34, 6, 1, 1, 2000, 5, '2023-09-29'),
(3265, 21, 4, 10, NULL, 1750, 5, '2023-09-30'),
(3266, 78, 4, 12, NULL, 1600, 4, '2023-09-30'),
(3267, 20, 6, 7, NULL, 1750, 5, '2023-09-30'),
(3268, 52, 5, 4, 4, 600, 2, '2023-09-30'),
(3269, 49, 1, 9, NULL, 1400, 4, '2023-09-30'),
(3270, 73, 1, 6, NULL, 600, 2, '2023-09-30'),
(3271, 62, 5, 7, NULL, 350, 1, '2023-09-30'),
(3272, 69, 6, 3, 3, 350, 1, '2023-10-01'),
(3273, 61, 5, 2, 2, 1600, 4, '2023-10-01'),
(3274, 71, 6, 3, 3, 700, 2, '2023-10-01'),
(3275, 54, 2, 3, 3, 1200, 4, '2023-10-01'),
(3276, 27, 5, 6, NULL, 1600, 4, '2023-10-01'),
(3277, 35, 4, 11, NULL, 2000, 5, '2023-10-02'),
(3278, 16, 2, 5, NULL, 900, 3, '2023-10-02'),
(3279, 48, 5, 11, NULL, 1600, 4, '2023-10-02'),
(3280, 32, 3, 2, 2, 1600, 4, '2023-10-02'),
(3281, 47, 2, 11, NULL, 800, 2, '2023-10-02'),
(3282, 73, 1, 1, 1, 300, 1, '2023-10-02'),
(3283, 57, 4, 7, NULL, 1600, 4, '2023-10-02'),
(3284, 11, 3, 2, 2, 900, 3, '2023-10-03'),
(3285, 27, 5, 5, NULL, 1600, 4, '2023-10-03'),
(3286, 44, 3, 11, NULL, 2000, 5, '2023-10-04'),
(3287, 34, 4, 3, 3, 2000, 5, '2023-10-04'),
(3288, 43, 3, 1, 1, 1200, 4, '2023-10-04'),
(3289, 19, 4, 11, NULL, 300, 1, '2023-10-05'),
(3290, 70, 1, 10, NULL, 1750, 5, '2023-10-05'),
(3291, 81, 6, 11, NULL, 800, 2, '2023-10-05'),
(3292, 7, 1, 10, NULL, 700, 2, '2023-10-05'),
(3293, 29, 5, 3, 3, 1200, 3, '2023-10-06'),
(3294, 53, 5, 4, 4, 1200, 4, '2023-10-06'),
(3295, 81, 3, 2, 2, 1600, 4, '2023-10-06'),
(3296, 29, 1, 10, NULL, 800, 2, '2023-10-07'),
(3297, 31, 2, 1, 1, 1200, 3, '2023-10-07'),
(3298, 79, 3, 5, NULL, 400, 1, '2023-10-07'),
(3299, 70, 1, 11, NULL, 1050, 3, '2023-10-07'),
(3300, 65, 6, 1, 1, 1750, 5, '2023-10-07'),
(3301, 35, 2, 10, NULL, 1200, 3, '2023-10-07'),
(3302, 79, 4, 1, 1, 1600, 4, '2023-10-08'),
(3303, 46, 1, 5, NULL, 2000, 5, '2023-10-08'),
(3304, 59, 3, 1, 1, 1200, 3, '2023-10-08'),
(3305, 13, 6, 7, NULL, 600, 2, '2023-10-08'),
(3306, 56, 2, 2, 2, 400, 1, '2023-10-08'),
(3307, 64, 5, 1, 1, 700, 2, '2023-10-08'),
(3308, 77, 1, 7, NULL, 1200, 3, '2023-10-09'),
(3309, 43, 3, 7, NULL, 1500, 5, '2023-10-09'),
(3310, 77, 6, 11, NULL, 1600, 4, '2023-10-10'),
(3311, 66, 5, 10, NULL, 2000, 5, '2023-10-10'),
(3312, 16, 3, 5, NULL, 600, 2, '2023-10-10'),
(3313, 80, 6, 4, 4, 1200, 3, '2023-10-10'),
(3314, 26, 3, 10, NULL, 800, 2, '2023-10-10'),
(3315, 56, 2, 10, NULL, 800, 2, '2023-10-11'),
(3316, 34, 2, 11, NULL, 1600, 4, '2023-10-11'),
(3317, 22, 3, 4, 4, 1200, 3, '2023-10-11'),
(3318, 8, 6, 11, NULL, 1400, 4, '2023-10-11'),
(3319, 36, 1, 3, 3, 400, 1, '2023-10-11'),
(3320, 8, 4, 4, 4, 1050, 3, '2023-10-12'),
(3321, 75, 1, 7, NULL, 300, 1, '2023-10-12'),
(3322, 2, 3, 11, NULL, 350, 1, '2023-10-12'),
(3323, 42, 2, 2, 2, 300, 1, '2023-10-12'),
(3324, 42, 2, 12, NULL, 1500, 5, '2023-10-12'),
(3325, 61, 3, 11, NULL, 1200, 3, '2023-10-13'),
(3326, 19, 5, 5, NULL, 1500, 5, '2023-10-13'),
(3327, 61, 6, 2, 2, 400, 1, '2023-10-13'),
(3328, 67, 6, 4, 4, 800, 2, '2023-10-13'),
(3329, 49, 4, 4, 4, 1750, 5, '2023-10-14'),
(3330, 78, 5, 5, NULL, 400, 1, '2023-10-14'),
(3331, 7, 3, 2, 2, 350, 1, '2023-10-14'),
(3332, 47, 4, 4, 4, 800, 2, '2023-10-15'),
(3333, 55, 3, 2, 2, 800, 2, '2023-10-15'),
(3334, 72, 3, 10, NULL, 1500, 5, '2023-10-15'),
(3335, 70, 5, 11, NULL, 1050, 3, '2023-10-16'),
(3336, 52, 1, 4, 4, 600, 2, '2023-10-16'),
(3337, 76, 1, 2, 2, 1200, 3, '2023-10-16'),
(3338, 45, 1, 4, 4, 1600, 4, '2023-10-16'),
(3339, 65, 3, 4, 4, 1400, 4, '2023-10-16'),
(3340, 66, 6, 1, 1, 800, 2, '2023-10-16'),
(3341, 81, 3, 7, NULL, 1200, 3, '2023-10-16'),
(3342, 39, 2, 6, NULL, 1750, 5, '2023-10-17'),
(3343, 37, 6, 11, NULL, 2000, 5, '2023-10-17'),
(3344, 17, 2, 1, 1, 600, 2, '2023-10-17'),
(3345, 64, 3, 3, 3, 350, 1, '2023-10-18'),
(3346, 28, 1, 3, 3, 800, 2, '2023-10-18'),
(3347, 27, 2, 1, 1, 1600, 4, '2023-10-18'),
(3348, 54, 1, 7, NULL, 1500, 5, '2023-10-18'),
(3349, 72, 1, 2, 2, 300, 1, '2023-10-18'),
(3350, 8, 6, 2, 2, 1400, 4, '2023-10-18'),
(3351, 17, 6, 10, NULL, 1200, 4, '2023-10-19'),
(3352, 70, 6, 7, NULL, 1750, 5, '2023-10-19'),
(3353, 62, 6, 2, 2, 1050, 3, '2023-10-19'),
(3354, 16, 6, 1, 1, 1200, 4, '2023-10-19'),
(3355, 2, 3, 7, NULL, 1750, 5, '2023-10-19'),
(3356, 61, 3, 11, NULL, 400, 1, '2023-10-19'),
(3357, 50, 1, 3, 3, 1400, 4, '2023-10-20'),
(3358, 47, 1, 6, NULL, 1200, 3, '2023-10-20'),
(3359, 10, 1, 10, NULL, 1500, 5, '2023-10-20'),
(3360, 61, 6, 4, 4, 800, 2, '2023-10-20'),
(3361, 23, 6, 1, 1, 1600, 4, '2023-10-20'),
(3362, 56, 2, 11, NULL, 800, 2, '2023-10-20'),
(3363, 21, 1, 6, NULL, 700, 2, '2023-10-21'),
(3364, 52, 4, 11, NULL, 900, 3, '2023-10-21'),
(3365, 31, 2, 4, 4, 1200, 3, '2023-10-21'),
(3366, 10, 1, 2, 2, 1500, 5, '2023-10-22'),
(3367, 33, 5, 2, 2, 1600, 4, '2023-10-22'),
(3368, 70, 3, 5, NULL, 1050, 3, '2023-10-22'),
(3369, 59, 4, 6, NULL, 1200, 3, '2023-10-22'),
(3370, 36, 3, 1, 1, 1600, 4, '2023-10-23'),
(3371, 39, 1, 10, NULL, 1400, 4, '2023-10-23'),
(3372, 58, 1, 4, 4, 1600, 4, '2023-10-23'),
(3373, 39, 2, 5, NULL, 1400, 4, '2023-10-23'),
(3374, 41, 4, 10, NULL, 1200, 4, '2023-10-23'),
(3375, 31, 6, 7, NULL, 400, 1, '2023-10-23'),
(3376, 22, 4, 4, 4, 1200, 3, '2023-10-24'),
(3377, 7, 4, 5, NULL, 1750, 5, '2023-10-24'),
(3378, 58, 4, 2, 2, 1200, 3, '2023-10-24'),
(3379, 59, 1, 3, 3, 2000, 5, '2023-10-24'),
(3380, 26, 1, 2, 2, 1600, 4, '2023-10-25'),
(3381, 79, 2, 1, 1, 1600, 4, '2023-10-25'),
(3382, 64, 2, 3, 3, 700, 2, '2023-10-25'),
(3383, 53, 5, 1, 1, 900, 3, '2023-10-25'),
(3384, 24, 1, 3, 3, 400, 1, '2023-10-25'),
(3385, 59, 2, 1, 1, 1600, 4, '2023-10-25'),
(3386, 65, 2, 2, 2, 1050, 3, '2023-10-26'),
(3387, 2, 3, 3, 3, 350, 1, '2023-10-26'),
(3388, 64, 5, 2, 2, 350, 1, '2023-10-26'),
(3389, 33, 3, 2, 2, 400, 1, '2023-10-27'),
(3390, 9, 5, 12, NULL, 350, 1, '2023-10-27'),
(3391, 53, 3, 2, 2, 1500, 5, '2023-10-27'),
(3392, 20, 6, 2, 2, 350, 1, '2023-10-27'),
(3393, 77, 6, 7, NULL, 1600, 4, '2023-10-27'),
(3394, 55, 2, 3, 3, 800, 2, '2023-10-27'),
(3395, 30, 2, 6, NULL, 1600, 4, '2023-10-27'),
(3396, 25, 1, 1, 1, 2000, 5, '2023-10-28'),
(3397, 48, 1, 11, NULL, 1200, 3, '2023-10-28'),
(3398, 54, 3, 5, NULL, 1500, 5, '2023-10-28'),
(3399, 49, 4, 4, 4, 1400, 4, '2023-10-28'),
(3400, 68, 3, 4, 4, 1050, 3, '2023-10-28'),
(3401, 1, 3, 9, NULL, 350, 1, '2023-10-28'),
(3402, 34, 3, 1, 1, 400, 1, '2023-10-29'),
(3403, 26, 1, 9, NULL, 2000, 5, '2023-10-29'),
(3404, 71, 4, 1, 1, 700, 2, '2023-10-29'),
(3405, 72, 4, 3, 3, 900, 3, '2023-10-29'),
(3406, 12, 1, 3, 3, 900, 3, '2023-10-29'),
(3407, 66, 3, 10, NULL, 2000, 5, '2023-10-30'),
(3408, 29, 2, 3, 3, 1200, 3, '2023-10-30'),
(3409, 52, 5, 10, NULL, 900, 3, '2023-10-30'),
(3410, 18, 5, 6, NULL, 1500, 5, '2023-10-30'),
(3411, 73, 4, 1, 1, 300, 1, '2023-10-30'),
(3412, 47, 3, 3, 3, 800, 2, '2023-10-30'),
(3413, 25, 2, 1, 1, 1200, 3, '2023-10-31'),
(3414, 21, 3, 2, 2, 350, 1, '2023-10-31'),
(3415, 17, 6, 3, 3, 1200, 4, '2023-10-31'),
(3416, 24, 4, 1, 1, 2000, 5, '2023-10-31'),
(3417, 28, 3, 1, 1, 2000, 5, '2023-10-31'),
(3418, 69, 1, 11, NULL, 1400, 4, '2023-10-31'),
(3419, 73, 3, 11, NULL, 1500, 5, '2023-11-01'),
(3420, 48, 6, 7, NULL, 400, 1, '2023-11-01'),
(3421, 17, 6, 7, NULL, 1200, 4, '2023-11-01'),
(3422, 14, 5, 12, NULL, 1400, 4, '2023-11-02'),
(3423, 70, 2, 2, 2, 1750, 5, '2023-11-02'),
(3424, 34, 2, 3, 3, 800, 2, '2023-11-02'),
(3425, 25, 5, 7, NULL, 800, 2, '2023-11-03'),
(3426, 54, 1, 11, NULL, 1500, 5, '2023-11-03'),
(3427, 39, 1, 2, 2, 1050, 3, '2023-11-03'),
(3428, 59, 5, 7, NULL, 1600, 4, '2023-11-03'),
(3429, 7, 3, 1, 1, 1750, 5, '2023-11-03'),
(3430, 6, 1, 1, 1, 1050, 3, '2023-11-03'),
(3431, 14, 5, 10, NULL, 350, 1, '2023-11-04'),
(3432, 17, 5, 2, 2, 1500, 5, '2023-11-04'),
(3433, 27, 6, 3, 3, 2000, 5, '2023-11-04'),
(3434, 41, 1, 12, NULL, 900, 3, '2023-11-04'),
(3435, 12, 6, 9, NULL, 1200, 4, '2023-11-04'),
(3436, 75, 4, 1, 1, 1200, 4, '2023-11-04'),
(3437, 64, 3, 1, 1, 1050, 3, '2023-11-04'),
(3438, 62, 6, 4, 4, 1050, 3, '2023-11-05'),
(3439, 31, 2, 9, NULL, 1600, 4, '2023-11-05'),
(3440, 70, 4, 2, 2, 700, 2, '2023-11-05'),
(3441, 35, 6, 4, 4, 1200, 3, '2023-11-05'),
(3442, 16, 1, 1, 1, 600, 2, '2023-11-06'),
(3443, 36, 5, 3, 3, 400, 1, '2023-11-06'),
(3444, 22, 2, 1, 1, 2000, 5, '2023-11-06'),
(3445, 65, 2, 3, 3, 350, 1, '2023-11-07'),
(3446, 63, 3, 11, NULL, 1750, 5, '2023-11-07'),
(3447, 9, 1, 9, NULL, 700, 2, '2023-11-07'),
(3448, 33, 2, 11, NULL, 400, 1, '2023-11-07'),
(3449, 59, 2, 2, 2, 800, 2, '2023-11-07'),
(3450, 1, 6, 2, 2, 1050, 3, '2023-11-07'),
(3451, 38, 1, 1, 1, 1400, 4, '2023-11-07'),
(3452, 32, 3, 9, NULL, 1600, 4, '2023-11-08'),
(3453, 61, 6, 11, NULL, 400, 1, '2023-11-08'),
(3454, 23, 1, 1, 1, 1600, 4, '2023-11-08'),
(3455, 34, 3, 9, NULL, 2000, 5, '2023-11-08'),
(3456, 29, 6, 1, 1, 2000, 5, '2023-11-08'),
(3457, 41, 2, 1, 1, 600, 2, '2023-11-09'),
(3458, 5, 3, 6, NULL, 350, 1, '2023-11-09'),
(3459, 23, 1, 10, NULL, 400, 1, '2023-11-09'),
(3460, 70, 5, 5, NULL, 1400, 4, '2023-11-09'),
(3461, 32, 6, 11, NULL, 800, 2, '2023-11-10'),
(3462, 72, 2, 12, NULL, 900, 3, '2023-11-10'),
(3463, 44, 1, 6, NULL, 1600, 4, '2023-11-10'),
(3464, 62, 1, 3, 3, 1750, 5, '2023-11-11'),
(3465, 77, 2, 11, NULL, 2000, 5, '2023-11-11'),
(3466, 75, 6, 2, 2, 1200, 4, '2023-11-11'),
(3467, 55, 4, 2, 2, 2000, 5, '2023-11-11'),
(3468, 57, 3, 2, 2, 1200, 3, '2023-11-11'),
(3469, 29, 4, 4, 4, 1600, 4, '2023-11-11'),
(3470, 78, 2, 5, NULL, 800, 2, '2023-11-11'),
(3471, 56, 4, 3, 3, 2000, 5, '2023-11-12'),
(3472, 42, 5, 3, 3, 600, 2, '2023-11-12'),
(3473, 68, 2, 5, NULL, 1750, 5, '2023-11-12'),
(3474, 29, 6, 1, 1, 1200, 3, '2023-11-13'),
(3475, 9, 5, 2, 2, 350, 1, '2023-11-13'),
(3476, 3, 6, 12, NULL, 1400, 4, '2023-11-13'),
(3477, 37, 1, 10, NULL, 1600, 4, '2023-11-13'),
(3478, 4, 6, 2, 2, 1050, 3, '2023-11-13'),
(3479, 9, 6, 1, 1, 350, 1, '2023-11-13'),
(3480, 75, 3, 3, 3, 1200, 4, '2023-11-13'),
(3481, 77, 3, 10, NULL, 1200, 3, '2023-11-14'),
(3482, 72, 3, 3, 3, 300, 1, '2023-11-14'),
(3483, 62, 3, 5, NULL, 1050, 3, '2023-11-14'),
(3484, 31, 6, 4, 4, 400, 1, '2023-11-14'),
(3485, 47, 2, 3, 3, 1600, 4, '2023-11-15'),
(3486, 41, 1, 11, NULL, 300, 1, '2023-11-15'),
(3487, 42, 6, 10, NULL, 1200, 4, '2023-11-15'),
(3488, 74, 5, 1, 1, 1200, 4, '2023-11-16'),
(3489, 40, 5, 2, 2, 1200, 4, '2023-11-16'),
(3490, 45, 1, 11, NULL, 2000, 5, '2023-11-16'),
(3491, 42, 4, 1, 1, 1200, 4, '2023-11-16');
INSERT INTO `siparisler` (`siparis_id`, `forma_id`, `beden_id`, `il_id`, `sube_id`, `fiyat`, `adet`, `tarih`) VALUES
(3492, 73, 6, 4, 4, 1500, 5, '2023-11-17'),
(3493, 36, 4, 2, 2, 1600, 4, '2023-11-17'),
(3494, 15, 1, 3, 3, 1750, 5, '2023-11-17'),
(3495, 66, 5, 7, NULL, 1200, 3, '2023-11-17'),
(3496, 55, 6, 1, 1, 2000, 5, '2023-11-17'),
(3497, 70, 6, 4, 4, 350, 1, '2023-11-18'),
(3498, 73, 3, 4, 4, 600, 2, '2023-11-18'),
(3499, 5, 3, 4, 4, 350, 1, '2023-11-18'),
(3500, 22, 6, 3, 3, 1600, 4, '2023-11-19'),
(3501, 43, 2, 4, 4, 1500, 5, '2023-11-19'),
(3502, 30, 5, 11, NULL, 2000, 5, '2023-11-19'),
(3503, 56, 3, 4, 4, 400, 1, '2023-11-19'),
(3504, 23, 6, 3, 3, 1200, 3, '2023-11-20'),
(3505, 19, 3, 9, NULL, 300, 1, '2023-11-20'),
(3506, 59, 6, 11, NULL, 400, 1, '2023-11-20'),
(3507, 22, 1, 3, 3, 400, 1, '2023-11-20'),
(3508, 54, 3, 8, NULL, 300, 1, '2023-11-20'),
(3509, 21, 2, 10, NULL, 350, 1, '2023-11-20'),
(3510, 47, 5, 11, NULL, 800, 2, '2023-11-21'),
(3511, 36, 6, 3, 3, 800, 2, '2023-11-21'),
(3512, 64, 2, 6, NULL, 700, 2, '2023-11-21'),
(3513, 5, 2, 2, 2, 350, 1, '2023-11-21'),
(3514, 39, 1, 3, 3, 1400, 4, '2023-11-21'),
(3515, 7, 2, 6, NULL, 350, 1, '2023-11-22'),
(3516, 3, 4, 1, 1, 1750, 5, '2023-11-22'),
(3517, 48, 2, 1, 1, 1200, 3, '2023-11-22'),
(3518, 4, 6, 3, 3, 350, 1, '2023-11-22'),
(3519, 54, 2, 1, 1, 600, 2, '2023-11-22'),
(3520, 77, 1, 9, NULL, 1600, 4, '2023-11-22'),
(3521, 46, 6, 4, 4, 1200, 3, '2023-11-23'),
(3522, 47, 1, 2, 2, 2000, 5, '2023-11-23'),
(3523, 71, 4, 2, 2, 350, 1, '2023-11-23'),
(3524, 71, 2, 4, 4, 1400, 4, '2023-11-23'),
(3525, 28, 4, 1, 1, 1200, 3, '2023-11-23'),
(3526, 35, 2, 3, 3, 2000, 5, '2023-11-24'),
(3527, 28, 1, 1, 1, 1200, 3, '2023-11-24'),
(3528, 14, 1, 2, 2, 1050, 3, '2023-11-24'),
(3529, 4, 3, 1, 1, 1750, 5, '2023-11-25'),
(3530, 58, 3, 5, NULL, 800, 2, '2023-11-25'),
(3531, 49, 1, 3, 3, 1400, 4, '2023-11-25'),
(3532, 37, 5, 5, NULL, 400, 1, '2023-11-26'),
(3533, 42, 3, 12, NULL, 900, 3, '2023-11-26'),
(3534, 6, 6, 2, 2, 350, 1, '2023-11-26'),
(3535, 48, 4, 6, NULL, 800, 2, '2023-11-26'),
(3536, 24, 3, 3, 3, 800, 2, '2023-11-27'),
(3537, 2, 1, 1, 1, 1400, 4, '2023-11-27'),
(3538, 49, 1, 1, 1, 350, 1, '2023-11-27'),
(3539, 3, 5, 4, 4, 350, 1, '2023-11-28'),
(3540, 2, 4, 1, 1, 350, 1, '2023-11-28'),
(3541, 52, 6, 2, 2, 1500, 5, '2023-11-28'),
(3542, 48, 2, 7, NULL, 1600, 4, '2023-11-29'),
(3543, 35, 4, 11, NULL, 2000, 5, '2023-11-29'),
(3544, 61, 5, 2, 2, 2000, 5, '2023-11-30'),
(3545, 45, 6, 5, NULL, 2000, 5, '2023-11-30'),
(3546, 72, 6, 3, 3, 600, 2, '2023-11-30'),
(3547, 60, 4, 2, 2, 2000, 5, '2023-11-30'),
(3548, 39, 5, 3, 3, 1400, 4, '2023-12-01'),
(3549, 30, 2, 7, NULL, 2000, 5, '2023-12-01'),
(3550, 6, 2, 5, NULL, 1750, 5, '2023-12-01'),
(3551, 28, 2, 10, NULL, 1200, 3, '2023-12-01'),
(3552, 11, 4, 3, 3, 1200, 4, '2023-12-01'),
(3553, 6, 3, 4, 4, 1750, 5, '2023-12-01'),
(3554, 46, 3, 6, NULL, 1600, 4, '2023-12-02'),
(3555, 33, 1, 1, 1, 400, 1, '2023-12-02'),
(3556, 46, 2, 5, NULL, 1600, 4, '2023-12-02'),
(3557, 81, 4, 1, 1, 400, 1, '2023-12-02'),
(3558, 40, 5, 1, 1, 600, 2, '2023-12-02'),
(3559, 46, 1, 7, NULL, 2000, 5, '2023-12-02'),
(3560, 63, 6, 7, NULL, 700, 2, '2023-12-03'),
(3561, 30, 4, 2, 2, 1200, 3, '2023-12-03'),
(3562, 50, 2, 11, NULL, 1750, 5, '2023-12-03'),
(3563, 48, 3, 10, NULL, 1600, 4, '2023-12-03'),
(3564, 71, 2, 5, NULL, 1750, 5, '2023-12-03'),
(3565, 68, 3, 2, 2, 1050, 3, '2023-12-03'),
(3566, 9, 4, 1, 1, 1400, 4, '2023-12-04'),
(3567, 60, 4, 3, 3, 1600, 4, '2023-12-04'),
(3568, 46, 1, 8, NULL, 2000, 5, '2023-12-04'),
(3569, 57, 4, 2, 2, 1200, 3, '2023-12-04'),
(3570, 4, 6, 5, NULL, 1750, 5, '2023-12-05'),
(3571, 42, 6, 1, 1, 300, 1, '2023-12-05'),
(3572, 9, 3, 5, NULL, 1750, 5, '2023-12-05'),
(3573, 69, 5, 3, 3, 1050, 3, '2023-12-05'),
(3574, 61, 2, 9, NULL, 1600, 4, '2023-12-05'),
(3575, 73, 2, 5, NULL, 600, 2, '2023-12-05'),
(3576, 81, 1, 3, 3, 1600, 4, '2023-12-06'),
(3577, 41, 6, 8, NULL, 1500, 5, '2023-12-06'),
(3578, 12, 3, 7, NULL, 300, 1, '2023-12-06'),
(3579, 14, 4, 1, 1, 1050, 3, '2023-12-06'),
(3580, 20, 1, 10, NULL, 1400, 4, '2023-12-07'),
(3581, 14, 2, 5, NULL, 1050, 3, '2023-12-07'),
(3582, 34, 2, 3, 3, 2000, 5, '2023-12-07'),
(3583, 23, 1, 10, NULL, 1200, 3, '2023-12-07'),
(3584, 17, 6, 11, NULL, 600, 2, '2023-12-07'),
(3585, 65, 6, 11, NULL, 1400, 4, '2023-12-07'),
(3586, 63, 2, 1, 1, 1400, 4, '2023-12-07'),
(3587, 1, 5, 3, 3, 1750, 5, '2023-12-08'),
(3588, 38, 4, 9, NULL, 700, 2, '2023-12-08'),
(3589, 16, 2, 12, NULL, 1500, 5, '2023-12-08'),
(3590, 4, 3, 2, 2, 350, 1, '2023-12-09'),
(3591, 51, 2, 3, 3, 300, 1, '2023-12-09'),
(3592, 75, 5, 6, NULL, 600, 2, '2023-12-09'),
(3593, 1, 3, 11, NULL, 1400, 4, '2023-12-10'),
(3594, 78, 5, 7, NULL, 400, 1, '2023-12-10'),
(3595, 30, 2, 11, NULL, 1600, 4, '2023-12-10'),
(3596, 14, 1, 12, NULL, 1750, 5, '2023-12-11'),
(3597, 33, 4, 2, 2, 1200, 3, '2023-12-11'),
(3598, 40, 5, 7, NULL, 300, 1, '2023-12-11'),
(3599, 30, 4, 6, NULL, 800, 2, '2023-12-11'),
(3600, 73, 4, 4, 4, 1200, 4, '2023-12-12'),
(3601, 4, 5, 1, 1, 350, 1, '2023-12-12'),
(3602, 3, 6, 3, 3, 350, 1, '2023-12-12'),
(3603, 81, 5, 4, 4, 1200, 3, '2023-12-12'),
(3604, 18, 5, 1, 1, 300, 1, '2023-12-13'),
(3605, 16, 4, 5, NULL, 300, 1, '2023-12-13'),
(3606, 67, 4, 3, 3, 800, 2, '2023-12-13'),
(3607, 80, 4, 9, NULL, 1600, 4, '2023-12-13'),
(3608, 2, 2, 6, NULL, 1400, 4, '2023-12-14'),
(3609, 27, 4, 11, NULL, 400, 1, '2023-12-14'),
(3610, 68, 3, 11, NULL, 1050, 3, '2023-12-14'),
(3611, 52, 4, 3, 3, 1500, 5, '2023-12-14'),
(3612, 17, 2, 3, 3, 1200, 4, '2023-12-14'),
(3613, 54, 1, 4, 4, 1200, 4, '2023-12-14'),
(3614, 27, 1, 9, NULL, 1600, 4, '2023-12-15'),
(3615, 65, 2, 1, 1, 700, 2, '2023-12-15'),
(3616, 19, 4, 5, NULL, 1500, 5, '2023-12-15'),
(3617, 48, 4, 11, NULL, 1600, 4, '2023-12-15'),
(3618, 39, 5, 3, 3, 350, 1, '2023-12-15'),
(3619, 19, 6, 5, NULL, 1200, 4, '2023-12-16'),
(3620, 74, 4, 9, NULL, 900, 3, '2023-12-16'),
(3621, 21, 1, 1, 1, 1750, 5, '2023-12-16'),
(3622, 30, 5, 5, NULL, 2000, 5, '2023-12-16'),
(3623, 46, 4, 10, NULL, 2000, 5, '2023-12-17'),
(3624, 6, 3, 5, NULL, 1050, 3, '2023-12-17'),
(3625, 72, 5, 6, NULL, 900, 3, '2023-12-17'),
(3626, 4, 2, 6, NULL, 700, 2, '2023-12-18'),
(3627, 17, 4, 5, NULL, 600, 2, '2023-12-18'),
(3628, 23, 4, 4, 4, 400, 1, '2023-12-18'),
(3629, 41, 6, 1, 1, 600, 2, '2023-12-19'),
(3630, 36, 5, 2, 2, 2000, 5, '2023-12-19'),
(3631, 28, 2, 3, 3, 2000, 5, '2023-12-19'),
(3632, 55, 5, 4, 4, 400, 1, '2023-12-19'),
(3633, 17, 1, 1, 1, 1500, 5, '2023-12-19'),
(3634, 32, 2, 7, NULL, 400, 1, '2023-12-19'),
(3635, 38, 1, 1, 1, 1400, 4, '2023-12-20'),
(3636, 17, 2, 3, 3, 900, 3, '2023-12-20'),
(3637, 57, 2, 3, 3, 800, 2, '2023-12-20'),
(3638, 2, 3, 4, 4, 700, 2, '2023-12-21'),
(3639, 5, 6, 3, 3, 700, 2, '2023-12-21'),
(3640, 22, 6, 4, 4, 400, 1, '2023-12-21'),
(3641, 29, 5, 11, NULL, 1200, 3, '2023-12-21'),
(3642, 3, 4, 9, NULL, 1400, 4, '2023-12-22'),
(3643, 44, 6, 2, 2, 2000, 5, '2023-12-22'),
(3644, 71, 3, 1, 1, 1750, 5, '2023-12-22'),
(3645, 11, 2, 2, 2, 300, 1, '2023-12-22'),
(3646, 52, 5, 2, 2, 900, 3, '2023-12-22'),
(3647, 34, 5, 9, NULL, 800, 2, '2023-12-22'),
(3648, 48, 2, 3, 3, 400, 1, '2023-12-22'),
(3649, 1, 5, 11, NULL, 700, 2, '2023-12-23'),
(3650, 2, 1, 12, NULL, 1050, 3, '2023-12-23'),
(3651, 79, 5, 4, 4, 400, 1, '2023-12-23'),
(3652, 69, 6, 3, 3, 1750, 5, '2023-12-23'),
(3653, 71, 2, 5, NULL, 1400, 4, '2023-12-24'),
(3654, 79, 1, 3, 3, 2000, 5, '2023-12-24'),
(3655, 7, 2, 10, NULL, 1400, 4, '2023-12-24'),
(3656, 8, 4, 8, NULL, 1750, 5, '2023-12-24'),
(3657, 50, 2, 4, 4, 1750, 5, '2023-12-25'),
(3658, 36, 4, 3, 3, 1600, 4, '2023-12-25'),
(3659, 68, 2, 8, NULL, 1750, 5, '2023-12-25'),
(3660, 5, 1, 1, 1, 1400, 4, '2023-12-25'),
(3661, 8, 3, 7, NULL, 350, 1, '2023-12-25'),
(3662, 20, 2, 12, NULL, 1750, 5, '2023-12-26'),
(3663, 15, 2, 10, NULL, 700, 2, '2023-12-26'),
(3664, 41, 6, 4, 4, 1200, 4, '2023-12-26'),
(3665, 29, 3, 8, NULL, 800, 2, '2023-12-26'),
(3666, 48, 1, 5, NULL, 1600, 4, '2023-12-26'),
(3667, 19, 6, 1, 1, 300, 1, '2023-12-27'),
(3668, 59, 5, 4, 4, 1200, 3, '2023-12-27'),
(3669, 46, 1, 9, NULL, 1600, 4, '2023-12-27'),
(3670, 58, 3, 3, 3, 800, 2, '2023-12-28'),
(3671, 32, 4, 8, NULL, 800, 2, '2023-12-28'),
(3672, 81, 1, 7, NULL, 800, 2, '2023-12-28'),
(3673, 24, 1, 11, NULL, 400, 1, '2023-12-29'),
(3674, 5, 3, 4, 4, 1750, 5, '2023-12-29'),
(3675, 46, 3, 7, NULL, 2000, 5, '2023-12-29'),
(3676, 40, 4, 7, NULL, 1200, 4, '2023-12-29'),
(3677, 76, 6, 7, NULL, 2000, 5, '2023-12-29'),
(3678, 54, 4, 4, 4, 300, 1, '2023-12-29'),
(3679, 31, 3, 5, NULL, 1600, 4, '2023-12-29'),
(3680, 41, 4, 1, 1, 1500, 5, '2023-12-30'),
(3681, 29, 3, 4, 4, 1600, 4, '2023-12-30'),
(3682, 7, 2, 3, 3, 700, 2, '2023-12-30'),
(3683, 59, 5, 1, 1, 2000, 5, '2023-12-31'),
(3684, 15, 2, 2, 2, 1400, 4, '2023-12-31'),
(3685, 77, 2, 10, NULL, 2000, 5, '2023-12-31'),
(3686, 26, 2, 4, 4, 400, 1, '2023-12-31'),
(3687, 70, 1, 11, NULL, 700, 2, '2023-12-31'),
(3688, 7, 5, 3, 3, 1050, 3, '2023-12-31'),
(3689, 20, 6, 5, NULL, 350, 1, '2024-01-01'),
(3690, 47, 1, 2, 2, 1600, 4, '2024-01-01'),
(3691, 59, 1, 3, 3, 2000, 5, '2024-01-01'),
(3692, 14, 1, 5, NULL, 350, 1, '2024-01-01'),
(3693, 36, 6, 1, 1, 400, 1, '2024-01-01'),
(3694, 51, 3, 3, 3, 600, 2, '2024-01-02'),
(3695, 38, 1, 11, NULL, 1400, 4, '2024-01-02'),
(3696, 32, 1, 4, 4, 400, 1, '2024-01-02'),
(3697, 25, 3, 3, 3, 1600, 4, '2024-01-02'),
(3698, 59, 6, 10, NULL, 1200, 3, '2024-01-02'),
(3699, 47, 1, 12, NULL, 1600, 4, '2024-01-03'),
(3700, 76, 5, 9, NULL, 2000, 5, '2024-01-03'),
(3701, 2, 4, 7, NULL, 1400, 4, '2024-01-03'),
(3702, 60, 4, 5, NULL, 400, 1, '2024-01-03'),
(3703, 14, 5, 10, NULL, 1750, 5, '2024-01-03'),
(3704, 15, 6, 3, 3, 1050, 3, '2024-01-04'),
(3705, 38, 2, 1, 1, 1400, 4, '2024-01-04'),
(3706, 5, 3, 10, NULL, 700, 2, '2024-01-04'),
(3707, 81, 2, 2, 2, 400, 1, '2024-01-04'),
(3708, 13, 2, 4, 4, 1500, 5, '2024-01-04'),
(3709, 53, 6, 2, 2, 600, 2, '2024-01-05'),
(3710, 71, 5, 5, NULL, 700, 2, '2024-01-05'),
(3711, 14, 5, 10, NULL, 1750, 5, '2024-01-05'),
(3712, 58, 1, 10, NULL, 2000, 5, '2024-01-05'),
(3713, 12, 1, 4, 4, 1200, 4, '2024-01-05'),
(3714, 49, 6, 11, NULL, 1050, 3, '2024-01-06'),
(3715, 11, 4, 10, NULL, 900, 3, '2024-01-06'),
(3716, 36, 5, 5, NULL, 1600, 4, '2024-01-06'),
(3717, 19, 2, 7, NULL, 300, 1, '2024-01-06'),
(3718, 9, 3, 10, NULL, 1050, 3, '2024-01-06'),
(3719, 58, 6, 2, 2, 800, 2, '2024-01-07'),
(3720, 20, 6, 5, NULL, 1050, 3, '2024-01-07'),
(3721, 75, 1, 8, NULL, 1200, 4, '2024-01-07'),
(3722, 12, 1, 4, 4, 900, 3, '2024-01-07'),
(3723, 61, 3, 10, NULL, 1600, 4, '2024-01-07'),
(3724, 61, 1, 3, 3, 2000, 5, '2024-01-07'),
(3725, 30, 4, 11, NULL, 2000, 5, '2024-01-08'),
(3726, 78, 3, 3, 3, 400, 1, '2024-01-08'),
(3727, 60, 3, 3, 3, 2000, 5, '2024-01-08'),
(3728, 67, 2, 4, 4, 1600, 4, '2024-01-08'),
(3729, 69, 6, 3, 3, 1750, 5, '2024-01-08'),
(3730, 4, 2, 5, NULL, 1050, 3, '2024-01-08'),
(3731, 63, 3, 11, NULL, 1750, 5, '2024-01-09'),
(3732, 42, 4, 11, NULL, 1500, 5, '2024-01-09'),
(3733, 79, 5, 1, 1, 2000, 5, '2024-01-09'),
(3734, 60, 1, 3, 3, 800, 2, '2024-01-09'),
(3735, 39, 1, 5, NULL, 700, 2, '2024-01-09'),
(3736, 30, 5, 2, 2, 1200, 3, '2024-01-10'),
(3737, 41, 2, 5, NULL, 600, 2, '2024-01-10'),
(3738, 46, 5, 2, 2, 1200, 3, '2024-01-11'),
(3739, 59, 4, 11, NULL, 1200, 3, '2024-01-11'),
(3740, 39, 1, 5, NULL, 700, 2, '2024-01-11'),
(3741, 59, 6, 11, NULL, 1600, 4, '2024-01-11'),
(3742, 46, 4, 1, 1, 2000, 5, '2024-01-11'),
(3743, 25, 3, 1, 1, 1600, 4, '2024-01-12'),
(3744, 51, 3, 9, NULL, 300, 1, '2024-01-12'),
(3745, 34, 4, 5, NULL, 400, 1, '2024-01-12'),
(3746, 72, 3, 4, 4, 1200, 4, '2024-01-12'),
(3747, 10, 4, 5, NULL, 900, 3, '2024-01-13'),
(3748, 38, 6, 4, 4, 1050, 3, '2024-01-13'),
(3749, 78, 6, 6, NULL, 1200, 3, '2024-01-13'),
(3750, 63, 5, 7, NULL, 350, 1, '2024-01-13'),
(3751, 23, 3, 10, NULL, 1200, 3, '2024-01-13'),
(3752, 65, 4, 4, 4, 700, 2, '2024-01-13'),
(3753, 40, 2, 4, 4, 1500, 5, '2024-01-14'),
(3754, 50, 6, 7, NULL, 350, 1, '2024-01-14'),
(3755, 43, 4, 4, 4, 1500, 5, '2024-01-14'),
(3756, 60, 6, 3, 3, 1200, 3, '2024-01-14'),
(3757, 64, 1, 10, NULL, 1050, 3, '2024-01-14'),
(3758, 21, 6, 7, NULL, 350, 1, '2024-01-14'),
(3759, 42, 4, 4, 4, 900, 3, '2024-01-15'),
(3760, 62, 3, 4, 4, 350, 1, '2024-01-15'),
(3761, 49, 5, 7, NULL, 1050, 3, '2024-01-15'),
(3762, 6, 3, 1, 1, 700, 2, '2024-01-16'),
(3763, 43, 3, 9, NULL, 1500, 5, '2024-01-16'),
(3764, 51, 5, 4, 4, 600, 2, '2024-01-16'),
(3765, 71, 5, 9, NULL, 700, 2, '2024-01-17'),
(3766, 59, 2, 11, NULL, 1200, 3, '2024-01-17'),
(3767, 68, 3, 4, 4, 1400, 4, '2024-01-17'),
(3768, 22, 6, 4, 4, 2000, 5, '2024-01-17'),
(3769, 44, 6, 5, NULL, 2000, 5, '2024-01-17'),
(3770, 42, 2, 1, 1, 600, 2, '2024-01-17'),
(3771, 24, 1, 1, 1, 2000, 5, '2024-01-18'),
(3772, 19, 3, 3, 3, 1200, 4, '2024-01-18'),
(3773, 74, 1, 6, NULL, 300, 1, '2024-01-18'),
(3774, 28, 1, 9, NULL, 400, 1, '2024-01-18'),
(3775, 69, 2, 5, NULL, 350, 1, '2024-01-18'),
(3776, 62, 6, 3, 3, 700, 2, '2024-01-18'),
(3777, 6, 1, 3, 3, 1050, 3, '2024-01-18'),
(3778, 40, 1, 4, 4, 600, 2, '2024-01-19'),
(3779, 40, 4, 4, 4, 1200, 4, '2024-01-19'),
(3780, 39, 3, 6, NULL, 1400, 4, '2024-01-19'),
(3781, 81, 1, 7, NULL, 2000, 5, '2024-01-19'),
(3782, 7, 1, 3, 3, 350, 1, '2024-01-19'),
(3783, 67, 5, 3, 3, 2000, 5, '2024-01-19'),
(3784, 77, 6, 3, 3, 800, 2, '2024-01-19'),
(3785, 37, 3, 10, NULL, 400, 1, '2024-01-20'),
(3786, 25, 6, 8, NULL, 1600, 4, '2024-01-20'),
(3787, 64, 3, 11, NULL, 1400, 4, '2024-01-20'),
(3788, 78, 6, 2, 2, 1600, 4, '2024-01-20'),
(3789, 28, 1, 5, NULL, 400, 1, '2024-01-21'),
(3790, 7, 5, 9, NULL, 1400, 4, '2024-01-21'),
(3791, 53, 5, 1, 1, 900, 3, '2024-01-21'),
(3792, 72, 6, 1, 1, 300, 1, '2024-01-21'),
(3793, 27, 3, 1, 1, 2000, 5, '2024-01-21'),
(3794, 6, 5, 3, 3, 350, 1, '2024-01-21'),
(3795, 8, 2, 3, 3, 350, 1, '2024-01-22'),
(3796, 52, 6, 4, 4, 600, 2, '2024-01-22'),
(3797, 32, 4, 5, NULL, 1600, 4, '2024-01-22'),
(3798, 61, 4, 1, 1, 1200, 3, '2024-01-22'),
(3799, 69, 4, 1, 1, 1050, 3, '2024-01-23'),
(3800, 59, 2, 1, 1, 1600, 4, '2024-01-23'),
(3801, 79, 5, 11, NULL, 1200, 3, '2024-01-23'),
(3802, 38, 6, 6, NULL, 1050, 3, '2024-01-23'),
(3803, 30, 2, 9, NULL, 400, 1, '2024-01-23'),
(3804, 74, 5, 7, NULL, 1200, 4, '2024-01-24'),
(3805, 10, 3, 1, 1, 900, 3, '2024-01-24'),
(3806, 40, 6, 10, NULL, 600, 2, '2024-01-24'),
(3807, 51, 6, 11, NULL, 300, 1, '2024-01-24'),
(3808, 15, 2, 3, 3, 350, 1, '2024-01-24'),
(3809, 43, 2, 11, NULL, 1200, 4, '2024-01-24'),
(3810, 62, 3, 7, NULL, 350, 1, '2024-01-24'),
(3811, 15, 4, 12, NULL, 1750, 5, '2024-01-25'),
(3812, 63, 3, 12, NULL, 1400, 4, '2024-01-25'),
(3813, 7, 5, 11, NULL, 1050, 3, '2024-01-26'),
(3814, 54, 3, 10, NULL, 900, 3, '2024-01-26'),
(3815, 62, 4, 7, NULL, 1050, 3, '2024-01-26'),
(3816, 61, 1, 4, 4, 800, 2, '2024-01-26'),
(3817, 58, 5, 3, 3, 800, 2, '2024-01-27'),
(3818, 43, 3, 6, NULL, 900, 3, '2024-01-27'),
(3819, 16, 6, 3, 3, 300, 1, '2024-01-27'),
(3820, 6, 4, 9, NULL, 1750, 5, '2024-01-27'),
(3821, 5, 4, 2, 2, 1750, 5, '2024-01-27'),
(3822, 34, 5, 9, NULL, 1600, 4, '2024-01-27'),
(3823, 72, 5, 4, 4, 600, 2, '2024-01-28'),
(3824, 67, 5, 10, NULL, 2000, 5, '2024-01-28'),
(3825, 6, 5, 9, NULL, 350, 1, '2024-01-28'),
(3826, 5, 3, 10, NULL, 1050, 3, '2024-01-28'),
(3827, 48, 4, 1, 1, 1200, 3, '2024-01-28'),
(3828, 48, 2, 4, 4, 1200, 3, '2024-01-29'),
(3829, 26, 5, 3, 3, 2000, 5, '2024-01-29'),
(3830, 6, 4, 2, 2, 350, 1, '2024-01-29'),
(3831, 52, 2, 7, NULL, 900, 3, '2024-01-29'),
(3832, 2, 3, 2, 2, 700, 2, '2024-01-29'),
(3833, 5, 1, 3, 3, 350, 1, '2024-01-29'),
(3834, 44, 1, 5, NULL, 400, 1, '2024-01-29'),
(3835, 55, 3, 7, NULL, 400, 1, '2024-01-30'),
(3836, 36, 2, 10, NULL, 1600, 4, '2024-01-30'),
(3837, 54, 2, 11, NULL, 300, 1, '2024-01-30'),
(3838, 43, 2, 6, NULL, 600, 2, '2024-01-30'),
(3839, 12, 2, 1, 1, 300, 1, '2024-01-30'),
(3840, 81, 1, 9, NULL, 2000, 5, '2024-01-30'),
(3841, 20, 5, 2, 2, 1750, 5, '2024-01-31'),
(3842, 79, 4, 7, NULL, 1200, 3, '2024-01-31'),
(3843, 42, 6, 3, 3, 1500, 5, '2024-01-31'),
(3844, 8, 4, 10, NULL, 1050, 3, '2024-02-01'),
(3845, 49, 4, 2, 2, 700, 2, '2024-02-01'),
(3846, 7, 6, 4, 4, 1400, 4, '2024-02-01'),
(3847, 80, 4, 4, 4, 800, 2, '2024-02-01'),
(3848, 6, 2, 4, 4, 1050, 3, '2024-02-01'),
(3849, 24, 3, 10, NULL, 400, 1, '2024-02-02'),
(3850, 32, 1, 3, 3, 1200, 3, '2024-02-02'),
(3851, 18, 3, 11, NULL, 1200, 4, '2024-02-03'),
(3852, 65, 4, 2, 2, 1050, 3, '2024-02-03'),
(3853, 74, 4, 7, NULL, 1200, 4, '2024-02-03'),
(3854, 20, 1, 11, NULL, 350, 1, '2024-02-03'),
(3855, 12, 3, 5, NULL, 600, 2, '2024-02-04'),
(3856, 19, 5, 4, 4, 600, 2, '2024-02-04'),
(3857, 18, 5, 11, NULL, 300, 1, '2024-02-04'),
(3858, 45, 3, 10, NULL, 1600, 4, '2024-02-04'),
(3859, 58, 6, 1, 1, 1200, 3, '2024-02-05'),
(3860, 21, 1, 11, NULL, 1400, 4, '2024-02-05'),
(3861, 19, 2, 10, NULL, 900, 3, '2024-02-05'),
(3862, 31, 1, 7, NULL, 400, 1, '2024-02-06'),
(3863, 17, 2, 1, 1, 900, 3, '2024-02-06'),
(3864, 22, 1, 2, 2, 400, 1, '2024-02-06'),
(3865, 52, 1, 9, NULL, 1200, 4, '2024-02-06'),
(3866, 24, 2, 2, 2, 1200, 3, '2024-02-06'),
(3867, 34, 3, 1, 1, 1600, 4, '2024-02-07'),
(3868, 40, 1, 6, NULL, 600, 2, '2024-02-07'),
(3869, 14, 4, 11, NULL, 350, 1, '2024-02-07'),
(3870, 70, 3, 11, NULL, 350, 1, '2024-02-08'),
(3871, 6, 3, 10, NULL, 700, 2, '2024-02-08'),
(3872, 72, 1, 12, NULL, 600, 2, '2024-02-08'),
(3873, 31, 2, 4, 4, 2000, 5, '2024-02-08'),
(3874, 32, 1, 1, 1, 400, 1, '2024-02-08'),
(3875, 33, 3, 11, NULL, 1200, 3, '2024-02-08'),
(3876, 26, 5, 2, 2, 1200, 3, '2024-02-09'),
(3877, 76, 3, 11, NULL, 1600, 4, '2024-02-09'),
(3878, 76, 1, 5, NULL, 400, 1, '2024-02-10'),
(3879, 6, 1, 2, 2, 350, 1, '2024-02-10'),
(3880, 17, 1, 4, 4, 600, 2, '2024-02-10'),
(3881, 3, 4, 1, 1, 700, 2, '2024-02-10'),
(3882, 7, 6, 12, NULL, 1050, 3, '2024-02-10'),
(3883, 42, 4, 4, 4, 300, 1, '2024-02-10'),
(3884, 37, 2, 1, 1, 800, 2, '2024-02-10'),
(3885, 16, 3, 4, 4, 300, 1, '2024-02-11'),
(3886, 24, 2, 1, 1, 400, 1, '2024-02-11'),
(3887, 81, 3, 9, NULL, 400, 1, '2024-02-11'),
(3888, 40, 6, 1, 1, 900, 3, '2024-02-11'),
(3889, 7, 6, 4, 4, 700, 2, '2024-02-11'),
(3890, 54, 1, 4, 4, 600, 2, '2024-02-12'),
(3891, 72, 6, 11, NULL, 600, 2, '2024-02-12'),
(3892, 18, 3, 2, 2, 900, 3, '2024-02-12'),
(3893, 57, 2, 8, NULL, 1200, 3, '2024-02-12'),
(3894, 71, 1, 12, NULL, 1050, 3, '2024-02-12'),
(3895, 13, 2, 1, 1, 900, 3, '2024-02-12'),
(3896, 46, 1, 6, NULL, 1600, 4, '2024-02-13'),
(3897, 4, 2, 2, 2, 1750, 5, '2024-02-13'),
(3898, 40, 3, 3, 3, 900, 3, '2024-02-13'),
(3899, 60, 1, 8, NULL, 800, 2, '2024-02-13'),
(3900, 6, 3, 1, 1, 1750, 5, '2024-02-14'),
(3901, 72, 2, 10, NULL, 600, 2, '2024-02-14'),
(3902, 30, 2, 2, 2, 1200, 3, '2024-02-14'),
(3903, 71, 3, 7, NULL, 1400, 4, '2024-02-14'),
(3904, 44, 5, 1, 1, 2000, 5, '2024-02-15'),
(3905, 57, 5, 1, 1, 2000, 5, '2024-02-15'),
(3906, 40, 3, 10, NULL, 600, 2, '2024-02-15'),
(3907, 12, 6, 3, 3, 900, 3, '2024-02-15'),
(3908, 27, 6, 1, 1, 1600, 4, '2024-02-16'),
(3909, 64, 1, 3, 3, 700, 2, '2024-02-16'),
(3910, 49, 3, 1, 1, 700, 2, '2024-02-16'),
(3911, 12, 6, 4, 4, 600, 2, '2024-02-16'),
(3912, 9, 5, 6, NULL, 1400, 4, '2024-02-16'),
(3913, 49, 4, 2, 2, 1050, 3, '2024-02-16'),
(3914, 71, 6, 6, NULL, 350, 1, '2024-02-16'),
(3915, 6, 1, 5, NULL, 1050, 3, '2024-02-17'),
(3916, 81, 1, 7, NULL, 1200, 3, '2024-02-17'),
(3917, 9, 4, 9, NULL, 1050, 3, '2024-02-17'),
(3918, 25, 3, 4, 4, 2000, 5, '2024-02-17'),
(3919, 37, 4, 1, 1, 400, 1, '2024-02-17'),
(3920, 38, 1, 11, NULL, 700, 2, '2024-02-18'),
(3921, 14, 4, 11, NULL, 1750, 5, '2024-02-18'),
(3922, 21, 4, 3, 3, 1750, 5, '2024-02-18'),
(3923, 24, 4, 11, NULL, 1600, 4, '2024-02-18'),
(3924, 75, 3, 11, NULL, 300, 1, '2024-02-18'),
(3925, 51, 2, 1, 1, 1500, 5, '2024-02-18'),
(3926, 19, 2, 2, 2, 1200, 4, '2024-02-19'),
(3927, 63, 5, 5, NULL, 1050, 3, '2024-02-19'),
(3928, 66, 4, 10, NULL, 400, 1, '2024-02-19'),
(3929, 77, 4, 1, 1, 2000, 5, '2024-02-19'),
(3930, 47, 4, 9, NULL, 800, 2, '2024-02-19'),
(3931, 79, 4, 5, NULL, 400, 1, '2024-02-19'),
(3932, 70, 1, 3, 3, 1750, 5, '2024-02-19'),
(3933, 21, 1, 2, 2, 1750, 5, '2024-02-20'),
(3934, 62, 4, 5, NULL, 1750, 5, '2024-02-20'),
(3935, 47, 4, 1, 1, 1600, 4, '2024-02-20'),
(3936, 13, 1, 1, 1, 600, 2, '2024-02-20'),
(3937, 58, 6, 9, NULL, 1200, 3, '2024-02-20'),
(3938, 61, 3, 5, NULL, 1600, 4, '2024-02-20'),
(3939, 64, 6, 10, NULL, 1750, 5, '2024-02-21'),
(3940, 37, 3, 1, 1, 2000, 5, '2024-02-21'),
(3941, 18, 2, 11, NULL, 1200, 4, '2024-02-21'),
(3942, 11, 4, 10, NULL, 1500, 5, '2024-02-21'),
(3943, 34, 1, 2, 2, 2000, 5, '2024-02-21'),
(3944, 81, 2, 9, NULL, 2000, 5, '2024-02-21'),
(3945, 4, 4, 4, 4, 350, 1, '2024-02-22'),
(3946, 43, 5, 2, 2, 600, 2, '2024-02-22'),
(3947, 46, 2, 2, 2, 1600, 4, '2024-02-22'),
(3948, 24, 3, 11, NULL, 800, 2, '2024-02-23'),
(3949, 4, 1, 11, NULL, 1050, 3, '2024-02-23'),
(3950, 30, 5, 8, NULL, 1200, 3, '2024-02-23'),
(3951, 31, 1, 2, 2, 2000, 5, '2024-02-23'),
(3952, 63, 2, 4, 4, 1400, 4, '2024-02-24'),
(3953, 40, 1, 3, 3, 600, 2, '2024-02-24'),
(3954, 16, 2, 4, 4, 1200, 4, '2024-02-24'),
(3955, 19, 3, 7, NULL, 900, 3, '2024-02-25'),
(3956, 36, 5, 3, 3, 800, 2, '2024-02-25'),
(3957, 42, 5, 1, 1, 900, 3, '2024-02-25'),
(3958, 81, 3, 4, 4, 1200, 3, '2024-02-25'),
(3959, 11, 5, 5, NULL, 900, 3, '2024-02-25'),
(3960, 6, 4, 2, 2, 350, 1, '2024-02-25'),
(3961, 80, 2, 10, NULL, 1200, 3, '2024-02-25'),
(3962, 45, 3, 11, NULL, 800, 2, '2024-02-26'),
(3963, 17, 4, 9, NULL, 300, 1, '2024-02-26'),
(3964, 81, 4, 7, NULL, 400, 1, '2024-02-26'),
(3965, 25, 2, 7, NULL, 1200, 3, '2024-02-26'),
(3966, 12, 4, 2, 2, 600, 2, '2024-02-27'),
(3967, 35, 4, 2, 2, 400, 1, '2024-02-27'),
(3968, 41, 3, 5, NULL, 1500, 5, '2024-02-27'),
(3969, 6, 1, 7, NULL, 1050, 3, '2024-02-27'),
(3970, 18, 5, 4, 4, 1500, 5, '2024-02-27'),
(3971, 40, 3, 3, 3, 600, 2, '2024-02-28'),
(3972, 30, 4, 2, 2, 1200, 3, '2024-02-28'),
(3973, 18, 1, 11, NULL, 1200, 4, '2024-02-28'),
(3974, 76, 2, 11, NULL, 2000, 5, '2024-02-29'),
(3975, 60, 5, 5, NULL, 1200, 3, '2024-02-29'),
(3976, 40, 3, 2, 2, 600, 2, '2024-02-29'),
(3977, 49, 2, 2, 2, 1750, 5, '2024-02-29'),
(3978, 62, 6, 12, NULL, 1750, 5, '2024-02-29'),
(3979, 22, 5, 6, NULL, 1200, 3, '2024-03-01'),
(3980, 15, 1, 10, NULL, 1050, 3, '2024-03-01'),
(3981, 68, 5, 4, 4, 350, 1, '2024-03-01'),
(3982, 69, 4, 3, 3, 1750, 5, '2024-03-01'),
(3983, 56, 2, 4, 4, 400, 1, '2024-03-01'),
(3984, 10, 1, 5, NULL, 1200, 4, '2024-03-01'),
(3985, 6, 4, 4, 4, 350, 1, '2024-03-01'),
(3986, 73, 2, 4, 4, 600, 2, '2024-03-02'),
(3987, 34, 3, 2, 2, 1600, 4, '2024-03-02'),
(3988, 38, 5, 8, NULL, 700, 2, '2024-03-02'),
(3989, 62, 4, 3, 3, 700, 2, '2024-03-02'),
(3990, 24, 6, 5, NULL, 1200, 3, '2024-03-03'),
(3991, 81, 5, 1, 1, 1600, 4, '2024-03-03'),
(3992, 37, 3, 7, NULL, 1200, 3, '2024-03-03'),
(3993, 9, 3, 1, 1, 1400, 4, '2024-03-04'),
(3994, 49, 3, 7, NULL, 1050, 3, '2024-03-04'),
(3995, 25, 4, 1, 1, 800, 2, '2024-03-04'),
(3996, 4, 3, 7, NULL, 350, 1, '2024-03-04'),
(3997, 19, 3, 9, NULL, 900, 3, '2024-03-04'),
(3998, 71, 3, 3, 3, 350, 1, '2024-03-04'),
(3999, 7, 2, 2, 2, 1050, 3, '2024-03-05'),
(4000, 32, 2, 1, 1, 400, 1, '2024-03-05'),
(4001, 47, 4, 5, NULL, 1200, 3, '2024-03-05'),
(4002, 42, 3, 3, 3, 600, 2, '2024-03-05'),
(4003, 51, 2, 1, 1, 1500, 5, '2024-03-06'),
(4004, 72, 3, 11, NULL, 1500, 5, '2024-03-06'),
(4005, 4, 1, 7, NULL, 1400, 4, '2024-03-07'),
(4006, 5, 1, 5, NULL, 1050, 3, '2024-03-07'),
(4007, 63, 3, 7, NULL, 350, 1, '2024-03-07'),
(4008, 78, 5, 4, 4, 2000, 5, '2024-03-08'),
(4009, 9, 2, 1, 1, 700, 2, '2024-03-08'),
(4010, 11, 3, 1, 1, 600, 2, '2024-03-09'),
(4011, 51, 5, 4, 4, 300, 1, '2024-03-09'),
(4012, 74, 5, 1, 1, 1500, 5, '2024-03-10'),
(4013, 13, 5, 2, 2, 600, 2, '2024-03-10'),
(4014, 9, 3, 3, 3, 350, 1, '2024-03-10'),
(4015, 16, 2, 3, 3, 900, 3, '2024-03-10'),
(4016, 63, 4, 11, NULL, 1400, 4, '2024-03-11'),
(4017, 33, 6, 8, NULL, 800, 2, '2024-03-11'),
(4018, 17, 4, 4, 4, 1200, 4, '2024-03-11'),
(4019, 77, 4, 11, NULL, 1200, 3, '2024-03-11'),
(4020, 51, 6, 11, NULL, 600, 2, '2024-03-11'),
(4021, 39, 5, 11, NULL, 1750, 5, '2024-03-11'),
(4022, 22, 3, 10, NULL, 1200, 3, '2024-03-11'),
(4023, 62, 6, 6, NULL, 1050, 3, '2024-03-12'),
(4024, 23, 6, 7, NULL, 1200, 3, '2024-03-12'),
(4025, 36, 5, 1, 1, 1200, 3, '2024-03-12'),
(4026, 67, 3, 9, NULL, 1200, 3, '2024-03-12'),
(4027, 66, 3, 3, 3, 1200, 3, '2024-03-12'),
(4028, 6, 3, 4, 4, 350, 1, '2024-03-13'),
(4029, 31, 4, 1, 1, 400, 1, '2024-03-13'),
(4030, 57, 4, 1, 1, 1600, 4, '2024-03-13'),
(4031, 47, 5, 10, NULL, 1200, 3, '2024-03-13'),
(4032, 50, 3, 4, 4, 1400, 4, '2024-03-13'),
(4033, 65, 2, 1, 1, 700, 2, '2024-03-13'),
(4034, 55, 4, 10, NULL, 2000, 5, '2024-03-13'),
(4035, 9, 2, 12, NULL, 700, 2, '2024-03-14'),
(4036, 42, 4, 3, 3, 1200, 4, '2024-03-14'),
(4037, 7, 3, 3, 3, 350, 1, '2024-03-14'),
(4038, 41, 2, 3, 3, 1500, 5, '2024-03-14'),
(4039, 41, 4, 9, NULL, 600, 2, '2024-03-15'),
(4040, 3, 4, 11, NULL, 350, 1, '2024-03-15'),
(4041, 29, 1, 1, 1, 2000, 5, '2024-03-15'),
(4042, 13, 4, 10, NULL, 1500, 5, '2024-03-15'),
(4043, 77, 2, 2, 2, 1600, 4, '2024-03-15'),
(4044, 68, 6, 5, NULL, 700, 2, '2024-03-15'),
(4045, 61, 1, 1, 1, 400, 1, '2024-03-15'),
(4046, 51, 3, 6, NULL, 1200, 4, '2024-03-16'),
(4047, 34, 6, 5, NULL, 800, 2, '2024-03-16'),
(4048, 6, 3, 1, 1, 700, 2, '2024-03-16'),
(4049, 35, 3, 1, 1, 1600, 4, '2024-03-16'),
(4050, 70, 3, 3, 3, 350, 1, '2024-03-16'),
(4051, 19, 1, 2, 2, 1200, 4, '2024-03-16'),
(4052, 75, 5, 3, 3, 1200, 4, '2024-03-17'),
(4053, 81, 6, 11, NULL, 2000, 5, '2024-03-17'),
(4054, 24, 4, 2, 2, 400, 1, '2024-03-17'),
(4055, 60, 6, 2, 2, 1600, 4, '2024-03-17'),
(4056, 65, 2, 4, 4, 350, 1, '2024-03-17'),
(4057, 6, 5, 1, 1, 1050, 3, '2024-03-17'),
(4058, 34, 5, 10, NULL, 1600, 4, '2024-03-17'),
(4059, 61, 5, 1, 1, 1600, 4, '2024-03-18'),
(4060, 75, 3, 2, 2, 1500, 5, '2024-03-18'),
(4061, 19, 3, 6, NULL, 900, 3, '2024-03-18'),
(4062, 26, 3, 2, 2, 1200, 3, '2024-03-18'),
(4063, 52, 2, 7, NULL, 1500, 5, '2024-03-18'),
(4064, 57, 5, 1, 1, 800, 2, '2024-03-18'),
(4065, 34, 2, 4, 4, 400, 1, '2024-03-18'),
(4066, 32, 6, 7, NULL, 400, 1, '2024-03-19'),
(4067, 46, 2, 5, NULL, 400, 1, '2024-03-19'),
(4068, 28, 3, 3, 3, 1600, 4, '2024-03-19'),
(4069, 40, 1, 2, 2, 1200, 4, '2024-03-19'),
(4070, 4, 6, 3, 3, 700, 2, '2024-03-19'),
(4071, 70, 2, 3, 3, 350, 1, '2024-03-19'),
(4072, 70, 3, 3, 3, 700, 2, '2024-03-20'),
(4073, 42, 2, 1, 1, 600, 2, '2024-03-20'),
(4074, 21, 5, 4, 4, 1050, 3, '2024-03-20'),
(4075, 74, 3, 3, 3, 1200, 4, '2024-03-20'),
(4076, 54, 4, 1, 1, 600, 2, '2024-03-20'),
(4077, 63, 1, 3, 3, 700, 2, '2024-03-20'),
(4078, 12, 2, 10, NULL, 1500, 5, '2024-03-20'),
(4079, 36, 6, 1, 1, 1200, 3, '2024-03-21'),
(4080, 15, 5, 10, NULL, 1400, 4, '2024-03-21'),
(4081, 24, 6, 10, NULL, 1600, 4, '2024-03-21'),
(4082, 27, 6, 3, 3, 2000, 5, '2024-03-21'),
(4083, 54, 5, 11, NULL, 600, 2, '2024-03-21'),
(4084, 42, 2, 12, NULL, 600, 2, '2024-03-21'),
(4085, 47, 3, 8, NULL, 1600, 4, '2024-03-22'),
(4086, 23, 6, 3, 3, 1600, 4, '2024-03-22'),
(4087, 31, 5, 10, NULL, 1200, 3, '2024-03-22'),
(4088, 43, 1, 10, NULL, 600, 2, '2024-03-22'),
(4089, 11, 2, 9, NULL, 300, 1, '2024-03-22'),
(4090, 28, 2, 11, NULL, 2000, 5, '2024-03-22'),
(4091, 52, 3, 4, 4, 300, 1, '2024-03-22'),
(4092, 66, 3, 3, 3, 2000, 5, '2024-03-23'),
(4093, 67, 3, 11, NULL, 800, 2, '2024-03-23'),
(4094, 49, 2, 1, 1, 1400, 4, '2024-03-23'),
(4095, 38, 4, 1, 1, 1400, 4, '2024-03-23'),
(4096, 62, 5, 1, 1, 1400, 4, '2024-03-24'),
(4097, 42, 2, 5, NULL, 600, 2, '2024-03-24'),
(4098, 47, 4, 1, 1, 1600, 4, '2024-03-24'),
(4099, 56, 3, 7, NULL, 1200, 3, '2024-03-24'),
(4100, 57, 5, 7, NULL, 2000, 5, '2024-03-24'),
(4101, 68, 6, 1, 1, 700, 2, '2024-03-24'),
(4102, 81, 3, 9, NULL, 2000, 5, '2024-03-25'),
(4103, 75, 6, 1, 1, 1200, 4, '2024-03-25'),
(4104, 12, 6, 7, NULL, 600, 2, '2024-03-25'),
(4105, 32, 5, 1, 1, 1600, 4, '2024-03-25'),
(4106, 22, 3, 7, NULL, 1600, 4, '2024-03-25'),
(4107, 6, 1, 5, NULL, 700, 2, '2024-03-25'),
(4108, 13, 3, 1, 1, 600, 2, '2024-03-26'),
(4109, 48, 6, 3, 3, 800, 2, '2024-03-26'),
(4110, 27, 4, 11, NULL, 2000, 5, '2024-03-26'),
(4111, 53, 1, 1, 1, 1200, 4, '2024-03-26'),
(4112, 50, 1, 6, NULL, 700, 2, '2024-03-26'),
(4113, 18, 6, 7, NULL, 900, 3, '2024-03-26'),
(4114, 74, 2, 7, NULL, 1500, 5, '2024-03-26'),
(4115, 17, 2, 1, 1, 600, 2, '2024-03-27'),
(4116, 30, 4, 11, NULL, 1600, 4, '2024-03-27'),
(4117, 32, 2, 5, NULL, 400, 1, '2024-03-27'),
(4118, 50, 6, 11, NULL, 700, 2, '2024-03-27'),
(4119, 25, 4, 6, NULL, 400, 1, '2024-03-28'),
(4120, 61, 6, 7, NULL, 1600, 4, '2024-03-28'),
(4121, 6, 1, 1, 1, 1400, 4, '2024-03-28'),
(4122, 18, 5, 2, 2, 1500, 5, '2024-03-28'),
(4123, 10, 5, 1, 1, 600, 2, '2024-03-28'),
(4124, 71, 5, 11, NULL, 350, 1, '2024-03-29'),
(4125, 67, 3, 1, 1, 1200, 3, '2024-03-29'),
(4126, 31, 3, 11, NULL, 800, 2, '2024-03-29'),
(4127, 81, 2, 10, NULL, 1200, 3, '2024-03-29'),
(4128, 80, 1, 3, 3, 1200, 3, '2024-03-30'),
(4129, 44, 6, 1, 1, 2000, 5, '2024-03-30'),
(4130, 38, 5, 1, 1, 1050, 3, '2024-03-30'),
(4131, 23, 5, 1, 1, 800, 2, '2024-03-30'),
(4132, 61, 6, 2, 2, 1200, 3, '2024-03-30'),
(4133, 72, 3, 4, 4, 300, 1, '2024-03-30'),
(4134, 24, 2, 5, NULL, 1600, 4, '2024-03-31'),
(4135, 62, 4, 4, 4, 350, 1, '2024-03-31'),
(4136, 6, 5, 3, 3, 1750, 5, '2024-03-31'),
(4137, 80, 4, 5, NULL, 800, 2, '2024-03-31'),
(4138, 29, 6, 11, NULL, 2000, 5, '2024-03-31'),
(4139, 34, 4, 11, NULL, 1600, 4, '2024-04-01'),
(4140, 38, 2, 11, NULL, 1400, 4, '2024-04-01'),
(4141, 51, 3, 10, NULL, 1200, 4, '2024-04-01'),
(4142, 24, 1, 10, NULL, 1600, 4, '2024-04-01'),
(4143, 75, 6, 3, 3, 1500, 5, '2024-04-01'),
(4144, 25, 3, 11, NULL, 2000, 5, '2024-04-02'),
(4145, 57, 6, 9, NULL, 1200, 3, '2024-04-02'),
(4146, 27, 2, 1, 1, 400, 1, '2024-04-02'),
(4147, 39, 5, 5, NULL, 1400, 4, '2024-04-02'),
(4148, 17, 3, 9, NULL, 900, 3, '2024-04-03'),
(4149, 46, 2, 1, 1, 1200, 3, '2024-04-03'),
(4150, 19, 6, 3, 3, 900, 3, '2024-04-03'),
(4151, 74, 1, 3, 3, 1500, 5, '2024-04-03'),
(4152, 8, 4, 9, NULL, 1050, 3, '2024-04-03'),
(4153, 69, 3, 3, 3, 1400, 4, '2024-04-03'),
(4154, 74, 6, 3, 3, 600, 2, '2024-04-04'),
(4155, 29, 2, 4, 4, 1200, 3, '2024-04-04'),
(4156, 28, 2, 11, NULL, 800, 2, '2024-04-04'),
(4157, 81, 1, 12, NULL, 800, 2, '2024-04-05'),
(4158, 64, 1, 1, 1, 700, 2, '2024-04-05'),
(4159, 13, 6, 9, NULL, 600, 2, '2024-04-05'),
(4160, 56, 5, 2, 2, 800, 2, '2024-04-05'),
(4161, 43, 2, 6, NULL, 1500, 5, '2024-04-06'),
(4162, 26, 1, 2, 2, 1200, 3, '2024-04-06'),
(4163, 43, 3, 1, 1, 300, 1, '2024-04-06'),
(4164, 56, 1, 4, 4, 1200, 3, '2024-04-06'),
(4165, 63, 1, 1, 1, 700, 2, '2024-04-06'),
(4166, 15, 4, 1, 1, 700, 2, '2024-04-07'),
(4167, 31, 1, 8, NULL, 2000, 5, '2024-04-07'),
(4168, 21, 2, 2, 2, 700, 2, '2024-04-07'),
(4169, 15, 1, 1, 1, 350, 1, '2024-04-07'),
(4170, 70, 3, 9, NULL, 1050, 3, '2024-04-08'),
(4171, 18, 6, 6, NULL, 600, 2, '2024-04-08'),
(4172, 72, 1, 10, NULL, 900, 3, '2024-04-08'),
(4173, 23, 5, 1, 1, 800, 2, '2024-04-08'),
(4174, 68, 4, 11, NULL, 350, 1, '2024-04-08'),
(4175, 53, 2, 1, 1, 900, 3, '2024-04-09'),
(4176, 34, 5, 5, NULL, 1600, 4, '2024-04-09'),
(4177, 34, 2, 2, 2, 1200, 3, '2024-04-09'),
(4178, 48, 3, 5, NULL, 1600, 4, '2024-04-10'),
(4179, 65, 4, 11, NULL, 350, 1, '2024-04-10'),
(4180, 6, 2, 2, 2, 1050, 3, '2024-04-10'),
(4181, 26, 1, 6, NULL, 800, 2, '2024-04-10'),
(4182, 74, 5, 1, 1, 900, 3, '2024-04-10'),
(4183, 33, 2, 3, 3, 1600, 4, '2024-04-11'),
(4184, 68, 1, 4, 4, 1400, 4, '2024-04-11'),
(4185, 29, 3, 7, NULL, 400, 1, '2024-04-11'),
(4186, 79, 4, 1, 1, 1200, 3, '2024-04-11'),
(4187, 51, 3, 6, NULL, 600, 2, '2024-04-11'),
(4188, 70, 5, 2, 2, 350, 1, '2024-04-12'),
(4189, 68, 1, 2, 2, 1750, 5, '2024-04-12'),
(4190, 72, 6, 2, 2, 600, 2, '2024-04-12'),
(4191, 11, 5, 4, 4, 1200, 4, '2024-04-12'),
(4192, 64, 3, 5, NULL, 1400, 4, '2024-04-13'),
(4193, 16, 5, 2, 2, 1500, 5, '2024-04-13'),
(4194, 45, 3, 4, 4, 400, 1, '2024-04-13'),
(4195, 21, 2, 1, 1, 1400, 4, '2024-04-14'),
(4196, 80, 1, 11, NULL, 400, 1, '2024-04-14'),
(4197, 20, 4, 10, NULL, 350, 1, '2024-04-14'),
(4198, 7, 1, 1, 1, 350, 1, '2024-04-14'),
(4199, 1, 5, 7, NULL, 700, 2, '2024-04-15'),
(4200, 67, 4, 3, 3, 1600, 4, '2024-04-15'),
(4201, 22, 4, 2, 2, 2000, 5, '2024-04-15'),
(4202, 31, 6, 11, NULL, 1200, 3, '2024-04-15'),
(4203, 42, 3, 3, 3, 900, 3, '2024-04-15'),
(4204, 71, 1, 11, NULL, 1400, 4, '2024-04-15'),
(4205, 23, 3, 2, 2, 400, 1, '2024-04-16'),
(4206, 30, 5, 2, 2, 2000, 5, '2024-04-16'),
(4207, 77, 5, 9, NULL, 800, 2, '2024-04-16'),
(4208, 1, 2, 10, NULL, 1050, 3, '2024-04-16'),
(4209, 53, 1, 6, NULL, 900, 3, '2024-04-16'),
(4210, 36, 5, 11, NULL, 400, 1, '2024-04-16'),
(4211, 46, 1, 2, 2, 400, 1, '2024-04-17'),
(4212, 74, 2, 7, NULL, 1500, 5, '2024-04-17'),
(4213, 52, 3, 1, 1, 1500, 5, '2024-04-17'),
(4214, 35, 5, 11, NULL, 800, 2, '2024-04-18'),
(4215, 80, 3, 1, 1, 1200, 3, '2024-04-18'),
(4216, 36, 1, 3, 3, 400, 1, '2024-04-18'),
(4217, 1, 3, 8, NULL, 1750, 5, '2024-04-18'),
(4218, 52, 2, 2, 2, 1500, 5, '2024-04-18'),
(4219, 23, 6, 2, 2, 1600, 4, '2024-04-18'),
(4220, 63, 4, 11, NULL, 350, 1, '2024-04-18'),
(4221, 69, 6, 6, NULL, 1400, 4, '2024-04-19'),
(4222, 26, 3, 5, NULL, 400, 1, '2024-04-19'),
(4223, 27, 6, 1, 1, 800, 2, '2024-04-19'),
(4224, 29, 5, 11, NULL, 1200, 3, '2024-04-19'),
(4225, 70, 3, 4, 4, 700, 2, '2024-04-19'),
(4226, 21, 4, 4, 4, 350, 1, '2024-04-20'),
(4227, 30, 2, 10, NULL, 800, 2, '2024-04-20'),
(4228, 16, 4, 3, 3, 1500, 5, '2024-04-20'),
(4229, 14, 1, 7, NULL, 1400, 4, '2024-04-20'),
(4230, 36, 6, 3, 3, 1600, 4, '2024-04-20'),
(4231, 14, 4, 1, 1, 350, 1, '2024-04-20'),
(4232, 45, 1, 3, 3, 800, 2, '2024-04-21'),
(4233, 12, 1, 10, NULL, 1200, 4, '2024-04-21'),
(4234, 1, 4, 2, 2, 1050, 3, '2024-04-21'),
(4235, 64, 2, 1, 1, 1050, 3, '2024-04-22'),
(4236, 7, 5, 2, 2, 350, 1, '2024-04-22'),
(4237, 27, 1, 11, NULL, 400, 1, '2024-04-22'),
(4238, 1, 6, 3, 3, 700, 2, '2024-04-22'),
(4239, 5, 2, 1, 1, 1050, 3, '2024-04-23'),
(4240, 21, 5, 5, NULL, 700, 2, '2024-04-23'),
(4241, 3, 5, 7, NULL, 1050, 3, '2024-04-23'),
(4242, 42, 4, 11, NULL, 300, 1, '2024-04-23'),
(4243, 41, 3, 3, 3, 900, 3, '2024-04-23'),
(4244, 17, 1, 4, 4, 600, 2, '2024-04-24'),
(4245, 31, 2, 10, NULL, 2000, 5, '2024-04-24'),
(4246, 42, 2, 11, NULL, 900, 3, '2024-04-24'),
(4247, 47, 1, 4, 4, 1600, 4, '2024-04-25'),
(4248, 65, 4, 11, NULL, 700, 2, '2024-04-25'),
(4249, 52, 3, 9, NULL, 300, 1, '2024-04-25'),
(4250, 35, 1, 2, 2, 2000, 5, '2024-04-26'),
(4251, 51, 1, 4, 4, 300, 1, '2024-04-26'),
(4252, 80, 5, 10, NULL, 1200, 3, '2024-04-26'),
(4253, 37, 2, 5, NULL, 400, 1, '2024-04-26'),
(4254, 62, 5, 2, 2, 700, 2, '2024-04-27'),
(4255, 4, 5, 7, NULL, 350, 1, '2024-04-27'),
(4256, 53, 6, 11, NULL, 600, 2, '2024-04-27'),
(4257, 55, 4, 10, NULL, 1600, 4, '2024-04-27'),
(4258, 74, 1, 3, 3, 600, 2, '2024-04-27'),
(4259, 22, 5, 1, 1, 400, 1, '2024-04-28'),
(4260, 23, 5, 12, NULL, 400, 1, '2024-04-28'),
(4261, 26, 3, 1, 1, 1600, 4, '2024-04-28'),
(4262, 62, 4, 2, 2, 1050, 3, '2024-04-28'),
(4263, 41, 6, 5, NULL, 1500, 5, '2024-04-28'),
(4264, 2, 6, 10, NULL, 1050, 3, '2024-04-28'),
(4265, 39, 1, 4, 4, 1050, 3, '2024-04-28'),
(4266, 49, 5, 6, NULL, 350, 1, '2024-04-29'),
(4267, 60, 5, 3, 3, 2000, 5, '2024-04-29'),
(4268, 42, 5, 6, NULL, 900, 3, '2024-04-29'),
(4269, 81, 1, 11, NULL, 400, 1, '2024-04-29'),
(4270, 40, 4, 10, NULL, 1500, 5, '2024-04-29'),
(4271, 75, 3, 5, NULL, 900, 3, '2024-04-29'),
(4272, 2, 2, 3, 3, 1400, 4, '2024-04-30'),
(4273, 68, 4, 7, NULL, 1400, 4, '2024-04-30'),
(4274, 76, 4, 11, NULL, 400, 1, '2024-04-30'),
(4275, 43, 6, 3, 3, 900, 3, '2024-04-30'),
(4276, 42, 6, 11, NULL, 900, 3, '2024-04-30'),
(4277, 63, 1, 2, 2, 1750, 5, '2024-04-30'),
(4278, 52, 4, 1, 1, 900, 3, '2024-05-01'),
(4279, 37, 2, 3, 3, 1200, 3, '2024-05-01'),
(4280, 64, 3, 1, 1, 1400, 4, '2024-05-01'),
(4281, 8, 1, 3, 3, 700, 2, '2024-05-01'),
(4282, 74, 5, 11, NULL, 600, 2, '2024-05-02'),
(4283, 34, 5, 2, 2, 800, 2, '2024-05-02'),
(4284, 39, 3, 7, NULL, 700, 2, '2024-05-02'),
(4285, 13, 6, 10, NULL, 600, 2, '2024-05-02'),
(4286, 67, 1, 3, 3, 400, 1, '2024-05-02'),
(4287, 68, 1, 1, 1, 700, 2, '2024-05-02'),
(4288, 50, 2, 7, NULL, 350, 1, '2024-05-02'),
(4289, 61, 5, 7, NULL, 1200, 3, '2024-05-03'),
(4290, 23, 6, 1, 1, 1600, 4, '2024-05-03'),
(4291, 38, 2, 3, 3, 350, 1, '2024-05-03'),
(4292, 77, 4, 11, NULL, 2000, 5, '2024-05-03'),
(4293, 22, 5, 4, 4, 1200, 3, '2024-05-03'),
(4294, 41, 4, 4, 4, 300, 1, '2024-05-04'),
(4295, 30, 2, 5, NULL, 2000, 5, '2024-05-04'),
(4296, 48, 3, 2, 2, 1200, 3, '2024-05-05'),
(4297, 28, 2, 4, 4, 1200, 3, '2024-05-05'),
(4298, 10, 1, 2, 2, 900, 3, '2024-05-05'),
(4299, 46, 6, 3, 3, 2000, 5, '2024-05-06'),
(4300, 61, 5, 10, NULL, 1600, 4, '2024-05-06'),
(4301, 19, 4, 11, NULL, 1200, 4, '2024-05-06'),
(4302, 69, 5, 3, 3, 1400, 4, '2024-05-06'),
(4303, 47, 5, 1, 1, 1600, 4, '2024-05-06'),
(4304, 39, 1, 7, NULL, 700, 2, '2024-05-06'),
(4305, 10, 2, 2, 2, 600, 2, '2024-05-06'),
(4306, 16, 5, 1, 1, 300, 1, '2024-05-07'),
(4307, 30, 4, 1, 1, 1600, 4, '2024-05-07'),
(4308, 67, 4, 7, NULL, 1200, 3, '2024-05-07'),
(4309, 36, 2, 11, NULL, 800, 2, '2024-05-07'),
(4310, 26, 2, 11, NULL, 400, 1, '2024-05-07'),
(4311, 74, 2, 4, 4, 1500, 5, '2024-05-07'),
(4312, 57, 4, 3, 3, 400, 1, '2024-05-08'),
(4313, 6, 6, 12, NULL, 700, 2, '2024-05-08'),
(4314, 70, 4, 6, NULL, 1400, 4, '2024-05-08'),
(4315, 11, 4, 10, NULL, 600, 2, '2024-05-09'),
(4316, 61, 3, 1, 1, 2000, 5, '2024-05-09'),
(4317, 69, 6, 12, NULL, 1400, 4, '2024-05-09'),
(4318, 53, 3, 7, NULL, 600, 2, '2024-05-10'),
(4319, 41, 3, 3, 3, 900, 3, '2024-05-10'),
(4320, 3, 3, 5, NULL, 1400, 4, '2024-05-10'),
(4321, 9, 5, 5, NULL, 1750, 5, '2024-05-10'),
(4322, 18, 4, 6, NULL, 900, 3, '2024-05-10'),
(4323, 30, 4, 11, NULL, 400, 1, '2024-05-11'),
(4324, 49, 2, 6, NULL, 1400, 4, '2024-05-11'),
(4325, 73, 2, 8, NULL, 1500, 5, '2024-05-11'),
(4326, 77, 4, 11, NULL, 1200, 3, '2024-05-11'),
(4327, 51, 2, 12, NULL, 900, 3, '2024-05-12'),
(4328, 62, 3, 1, 1, 1050, 3, '2024-05-12'),
(4329, 12, 4, 7, NULL, 300, 1, '2024-05-12'),
(4330, 40, 2, 8, NULL, 1500, 5, '2024-05-12'),
(4331, 74, 2, 1, 1, 900, 3, '2024-05-12'),
(4332, 42, 3, 10, NULL, 300, 1, '2024-05-13'),
(4333, 60, 1, 6, NULL, 400, 1, '2024-05-13'),
(4334, 72, 4, 11, NULL, 1200, 4, '2024-05-13'),
(4335, 59, 6, 10, NULL, 1200, 3, '2024-05-13'),
(4336, 72, 3, 4, 4, 300, 1, '2024-05-13'),
(4337, 39, 4, 5, NULL, 1050, 3, '2024-05-14'),
(4338, 48, 1, 5, NULL, 1600, 4, '2024-05-14'),
(4339, 10, 4, 3, 3, 1200, 4, '2024-05-14'),
(4340, 76, 2, 11, NULL, 800, 2, '2024-05-14'),
(4341, 31, 1, 6, NULL, 400, 1, '2024-05-14'),
(4342, 51, 4, 3, 3, 900, 3, '2024-05-14'),
(4343, 3, 6, 5, NULL, 1050, 3, '2024-05-15'),
(4344, 26, 3, 2, 2, 1600, 4, '2024-05-15'),
(4345, 61, 4, 6, NULL, 1200, 3, '2024-05-15'),
(4346, 19, 1, 9, NULL, 600, 2, '2024-05-15'),
(4347, 69, 2, 6, NULL, 350, 1, '2024-05-15'),
(4348, 71, 4, 9, NULL, 700, 2, '2024-05-15'),
(4349, 14, 2, 6, NULL, 1050, 3, '2024-05-16'),
(4350, 27, 4, 4, 4, 1200, 3, '2024-05-16'),
(4351, 47, 6, 2, 2, 400, 1, '2024-05-16'),
(4352, 21, 3, 3, 3, 1750, 5, '2024-05-17'),
(4353, 68, 1, 4, 4, 350, 1, '2024-05-17'),
(4354, 1, 6, 8, NULL, 350, 1, '2024-05-17'),
(4355, 42, 3, 1, 1, 300, 1, '2024-05-18'),
(4356, 68, 3, 2, 2, 1400, 4, '2024-05-18'),
(4357, 77, 4, 3, 3, 1600, 4, '2024-05-18'),
(4358, 61, 2, 11, NULL, 400, 1, '2024-05-19'),
(4359, 50, 2, 11, NULL, 1050, 3, '2024-05-19'),
(4360, 16, 1, 10, NULL, 1500, 5, '2024-05-19'),
(4361, 65, 4, 11, NULL, 1050, 3, '2024-05-20'),
(4362, 60, 5, 11, NULL, 800, 2, '2024-05-20'),
(4363, 68, 4, 1, 1, 1750, 5, '2024-05-20'),
(4364, 15, 1, 4, 4, 1400, 4, '2024-05-20'),
(4365, 52, 2, 4, 4, 600, 2, '2024-05-21'),
(4366, 81, 6, 5, NULL, 800, 2, '2024-05-21'),
(4367, 49, 2, 2, 2, 350, 1, '2024-05-21'),
(4368, 10, 5, 4, 4, 1200, 4, '2024-05-21'),
(4369, 36, 6, 7, NULL, 400, 1, '2024-05-22'),
(4370, 5, 5, 1, 1, 1400, 4, '2024-05-22'),
(4371, 40, 5, 11, NULL, 900, 3, '2024-05-22'),
(4372, 45, 1, 3, 3, 1200, 3, '2024-05-22'),
(4373, 54, 2, 11, NULL, 600, 2, '2024-05-22'),
(4374, 47, 5, 5, NULL, 400, 1, '2024-05-22'),
(4375, 28, 5, 10, NULL, 1600, 4, '2024-05-23'),
(4376, 64, 3, 4, 4, 700, 2, '2024-05-23'),
(4377, 64, 5, 4, 4, 1750, 5, '2024-05-23'),
(4378, 31, 1, 10, NULL, 800, 2, '2024-05-23'),
(4379, 55, 6, 6, NULL, 400, 1, '2024-05-23'),
(4380, 35, 1, 4, 4, 400, 1, '2024-05-24'),
(4381, 65, 4, 1, 1, 1050, 3, '2024-05-24'),
(4382, 1, 3, 5, NULL, 700, 2, '2024-05-24'),
(4383, 78, 4, 8, NULL, 1600, 4, '2024-05-24'),
(4384, 74, 5, 1, 1, 600, 2, '2024-05-24'),
(4385, 27, 2, 10, NULL, 800, 2, '2024-05-25'),
(4386, 67, 5, 10, NULL, 2000, 5, '2024-05-25'),
(4387, 40, 5, 7, NULL, 600, 2, '2024-05-25'),
(4388, 47, 6, 7, NULL, 2000, 5, '2024-05-25'),
(4389, 71, 5, 4, 4, 1400, 4, '2024-05-25'),
(4390, 37, 1, 3, 3, 800, 2, '2024-05-25'),
(4391, 41, 5, 12, NULL, 1200, 4, '2024-05-25'),
(4392, 55, 3, 6, NULL, 1200, 3, '2024-05-26'),
(4393, 7, 6, 2, 2, 1400, 4, '2024-05-26'),
(4394, 67, 2, 1, 1, 1200, 3, '2024-05-26'),
(4395, 41, 1, 2, 2, 300, 1, '2024-05-26'),
(4396, 21, 1, 11, NULL, 1050, 3, '2024-05-26'),
(4397, 66, 5, 11, NULL, 800, 2, '2024-05-26'),
(4398, 68, 5, 1, 1, 350, 1, '2024-05-26'),
(4399, 5, 2, 10, NULL, 1400, 4, '2024-05-27'),
(4400, 17, 4, 3, 3, 900, 3, '2024-05-27'),
(4401, 61, 3, 1, 1, 2000, 5, '2024-05-27'),
(4402, 13, 3, 4, 4, 1500, 5, '2024-05-28'),
(4403, 79, 4, 3, 3, 1200, 3, '2024-05-28'),
(4404, 67, 1, 9, NULL, 400, 1, '2024-05-28'),
(4405, 64, 2, 11, NULL, 700, 2, '2024-05-28'),
(4406, 81, 3, 1, 1, 1600, 4, '2024-05-28'),
(4407, 51, 2, 11, NULL, 900, 3, '2024-05-28'),
(4408, 76, 3, 6, NULL, 800, 2, '2024-05-29'),
(4409, 50, 4, 4, 4, 350, 1, '2024-05-29'),
(4410, 40, 1, 3, 3, 300, 1, '2024-05-29'),
(4411, 67, 4, 1, 1, 1200, 3, '2024-05-30'),
(4412, 11, 2, 9, NULL, 1200, 4, '2024-05-30'),
(4413, 43, 4, 1, 1, 1500, 5, '2024-05-31'),
(4414, 37, 5, 2, 2, 400, 1, '2024-05-31'),
(4415, 14, 6, 7, NULL, 700, 2, '2024-05-31'),
(4416, 9, 6, 2, 2, 1400, 4, '2024-05-31'),
(4417, 40, 5, 4, 4, 300, 1, '2024-05-31'),
(4418, 39, 1, 4, 4, 700, 2, '2024-05-31'),
(4419, 61, 5, 2, 2, 400, 1, '2024-05-31'),
(4420, 49, 3, 2, 2, 350, 1, '2024-06-01'),
(4421, 27, 1, 1, 1, 800, 2, '2024-06-01'),
(4422, 57, 6, 4, 4, 2000, 5, '2024-06-01'),
(4423, 36, 2, 3, 3, 2000, 5, '2024-06-01'),
(4424, 69, 4, 4, 4, 350, 1, '2024-06-01'),
(4425, 9, 6, 11, NULL, 1400, 4, '2024-06-01'),
(4426, 44, 2, 11, NULL, 400, 1, '2024-06-02'),
(4427, 10, 4, 11, NULL, 900, 3, '2024-06-02'),
(4428, 70, 4, 11, NULL, 700, 2, '2024-06-02'),
(4429, 74, 1, 9, NULL, 300, 1, '2024-06-02'),
(4430, 28, 1, 8, NULL, 1200, 3, '2024-06-02'),
(4431, 57, 1, 5, NULL, 1600, 4, '2024-06-03'),
(4432, 73, 4, 2, 2, 1200, 4, '2024-06-03'),
(4433, 69, 5, 11, NULL, 1400, 4, '2024-06-03'),
(4434, 60, 3, 3, 3, 1600, 4, '2024-06-04'),
(4435, 28, 1, 11, NULL, 1600, 4, '2024-06-04'),
(4436, 67, 2, 1, 1, 400, 1, '2024-06-04'),
(4437, 9, 2, 1, 1, 1050, 3, '2024-06-05'),
(4438, 72, 4, 10, NULL, 1500, 5, '2024-06-05'),
(4439, 20, 6, 11, NULL, 1750, 5, '2024-06-05'),
(4440, 62, 3, 10, NULL, 1750, 5, '2024-06-05'),
(4441, 11, 4, 2, 2, 600, 2, '2024-06-05'),
(4442, 47, 5, 3, 3, 1600, 4, '2024-06-05'),
(4443, 67, 6, 3, 3, 400, 1, '2024-06-05'),
(4444, 41, 6, 4, 4, 1200, 4, '2024-06-06'),
(4445, 81, 5, 6, NULL, 400, 1, '2024-06-06'),
(4446, 45, 1, 10, NULL, 1200, 3, '2024-06-06'),
(4447, 48, 6, 5, NULL, 800, 2, '2024-06-07'),
(4448, 52, 5, 3, 3, 1500, 5, '2024-06-07'),
(4449, 37, 6, 11, NULL, 800, 2, '2024-06-07'),
(4450, 29, 5, 5, NULL, 2000, 5, '2024-06-07'),
(4451, 34, 2, 4, 4, 800, 2, '2024-06-07'),
(4452, 1, 5, 10, NULL, 1750, 5, '2024-06-08'),
(4453, 66, 6, 10, NULL, 400, 1, '2024-06-08'),
(4454, 48, 4, 6, NULL, 800, 2, '2024-06-08'),
(4455, 70, 2, 11, NULL, 1050, 3, '2024-06-08'),
(4456, 44, 3, 3, 3, 400, 1, '2024-06-08'),
(4457, 32, 6, 8, NULL, 1200, 3, '2024-06-09'),
(4458, 17, 4, 9, NULL, 600, 2, '2024-06-09'),
(4459, 55, 6, 9, NULL, 2000, 5, '2024-06-09'),
(4460, 5, 5, 3, 3, 1400, 4, '2024-06-09'),
(4461, 62, 5, 11, NULL, 1750, 5, '2024-06-09'),
(4462, 48, 3, 1, 1, 1200, 3, '2024-06-10'),
(4463, 63, 5, 1, 1, 350, 1, '2024-06-10'),
(4464, 53, 5, 2, 2, 300, 1, '2024-06-10'),
(4465, 8, 2, 1, 1, 1400, 4, '2024-06-10'),
(4466, 30, 1, 6, NULL, 2000, 5, '2024-06-10'),
(4467, 64, 1, 10, NULL, 1050, 3, '2024-06-11'),
(4468, 67, 2, 9, NULL, 1200, 3, '2024-06-11'),
(4469, 25, 2, 9, NULL, 1600, 4, '2024-06-11'),
(4470, 6, 1, 5, NULL, 700, 2, '2024-06-11'),
(4471, 47, 4, 3, 3, 400, 1, '2024-06-12'),
(4472, 54, 1, 2, 2, 600, 2, '2024-06-12'),
(4473, 36, 2, 10, NULL, 1200, 3, '2024-06-12'),
(4474, 18, 1, 11, NULL, 900, 3, '2024-06-12'),
(4475, 50, 6, 2, 2, 1400, 4, '2024-06-12'),
(4476, 75, 4, 4, 4, 300, 1, '2024-06-13'),
(4477, 69, 2, 2, 2, 350, 1, '2024-06-13'),
(4478, 61, 3, 2, 2, 800, 2, '2024-06-13'),
(4479, 5, 2, 3, 3, 1750, 5, '2024-06-13'),
(4480, 56, 3, 3, 3, 800, 2, '2024-06-14'),
(4481, 59, 1, 5, NULL, 800, 2, '2024-06-14'),
(4482, 54, 4, 2, 2, 1200, 4, '2024-06-14'),
(4483, 77, 5, 11, NULL, 800, 2, '2024-06-14'),
(4484, 38, 4, 2, 2, 350, 1, '2024-06-14'),
(4485, 4, 1, 4, 4, 350, 1, '2024-06-15'),
(4486, 12, 5, 1, 1, 600, 2, '2024-06-15'),
(4487, 12, 5, 5, NULL, 1200, 4, '2024-06-15'),
(4488, 39, 3, 11, NULL, 700, 2, '2024-06-15'),
(4489, 5, 6, 2, 2, 350, 1, '2024-06-15'),
(4490, 20, 2, 4, 4, 700, 2, '2024-06-16'),
(4491, 50, 4, 3, 3, 1750, 5, '2024-06-16'),
(4492, 39, 1, 6, NULL, 1750, 5, '2024-06-16'),
(4493, 29, 4, 11, NULL, 400, 1, '2024-06-16'),
(4494, 33, 3, 2, 2, 2000, 5, '2024-06-16'),
(4495, 4, 6, 3, 3, 1050, 3, '2024-06-16'),
(4496, 57, 3, 9, NULL, 800, 2, '2024-06-17'),
(4497, 76, 2, 10, NULL, 1200, 3, '2024-06-17'),
(4498, 46, 3, 1, 1, 400, 1, '2024-06-17'),
(4499, 8, 2, 3, 3, 350, 1, '2024-06-17'),
(4500, 71, 4, 6, NULL, 700, 2, '2024-06-17'),
(4501, 8, 6, 5, NULL, 1750, 5, '2024-06-17'),
(4502, 7, 6, 5, NULL, 1050, 3, '2024-06-18'),
(4503, 45, 1, 4, 4, 1600, 4, '2024-06-18'),
(4504, 73, 4, 1, 1, 300, 1, '2024-06-18'),
(4505, 4, 1, 11, NULL, 1400, 4, '2024-06-19'),
(4506, 58, 3, 4, 4, 2000, 5, '2024-06-19'),
(4507, 25, 4, 11, NULL, 2000, 5, '2024-06-19'),
(4508, 35, 3, 3, 3, 1600, 4, '2024-06-20'),
(4509, 35, 6, 5, NULL, 800, 2, '2024-06-20'),
(4510, 15, 2, 3, 3, 700, 2, '2024-06-20'),
(4511, 52, 5, 5, NULL, 300, 1, '2024-06-20'),
(4512, 29, 3, 3, 3, 800, 2, '2024-06-20'),
(4513, 23, 5, 7, NULL, 1200, 3, '2024-06-20'),
(4514, 35, 6, 5, NULL, 1600, 4, '2024-06-20'),
(4515, 35, 3, 6, NULL, 800, 2, '2024-06-21'),
(4516, 73, 3, 2, 2, 600, 2, '2024-06-21'),
(4517, 70, 4, 4, 4, 1400, 4, '2024-06-21'),
(4518, 54, 2, 10, NULL, 1200, 4, '2024-06-21'),
(4519, 80, 5, 5, NULL, 1600, 4, '2024-06-21'),
(4520, 41, 1, 4, 4, 1200, 4, '2024-06-22'),
(4521, 79, 3, 9, NULL, 800, 2, '2024-06-22'),
(4522, 19, 2, 10, NULL, 600, 2, '2024-06-22'),
(4523, 24, 5, 9, NULL, 2000, 5, '2024-06-23'),
(4524, 36, 1, 1, 1, 800, 2, '2024-06-23'),
(4525, 76, 4, 9, NULL, 1600, 4, '2024-06-23'),
(4526, 38, 1, 7, NULL, 700, 2, '2024-06-23'),
(4527, 80, 5, 11, NULL, 1600, 4, '2024-06-24'),
(4528, 32, 5, 10, NULL, 400, 1, '2024-06-24'),
(4529, 39, 4, 3, 3, 700, 2, '2024-06-24'),
(4530, 8, 2, 4, 4, 1050, 3, '2024-06-24'),
(4531, 8, 4, 8, NULL, 1050, 3, '2024-06-24'),
(4532, 49, 6, 2, 2, 1750, 5, '2024-06-24'),
(4533, 35, 2, 7, NULL, 2000, 5, '2024-06-25'),
(4534, 61, 4, 2, 2, 800, 2, '2024-06-25'),
(4535, 30, 2, 5, NULL, 800, 2, '2024-06-25'),
(4536, 59, 4, 4, 4, 2000, 5, '2024-06-25'),
(4537, 2, 5, 3, 3, 1400, 4, '2024-06-26'),
(4538, 58, 5, 3, 3, 400, 1, '2024-06-26'),
(4539, 54, 1, 6, NULL, 600, 2, '2024-06-26'),
(4540, 44, 5, 7, NULL, 2000, 5, '2024-06-26'),
(4541, 70, 2, 12, NULL, 700, 2, '2024-06-27'),
(4542, 48, 1, 2, 2, 800, 2, '2024-06-27'),
(4543, 10, 5, 1, 1, 300, 1, '2024-06-27'),
(4544, 63, 4, 1, 1, 1400, 4, '2024-06-27'),
(4545, 41, 2, 2, 2, 1200, 4, '2024-06-27'),
(4546, 65, 3, 3, 3, 1050, 3, '2024-06-27'),
(4547, 69, 1, 5, NULL, 1050, 3, '2024-06-28'),
(4548, 26, 3, 6, NULL, 1200, 3, '2024-06-28'),
(4549, 18, 3, 3, 3, 1500, 5, '2024-06-28'),
(4550, 15, 1, 12, NULL, 1750, 5, '2024-06-28'),
(4551, 24, 3, 12, NULL, 800, 2, '2024-06-29'),
(4552, 26, 3, 2, 2, 1600, 4, '2024-06-29'),
(4553, 23, 1, 1, 1, 800, 2, '2024-06-29'),
(4554, 3, 4, 3, 3, 1050, 3, '2024-06-29'),
(4555, 18, 2, 11, NULL, 1500, 5, '2024-06-29'),
(4556, 15, 6, 6, NULL, 350, 1, '2024-06-30'),
(4557, 8, 4, 2, 2, 1050, 3, '2024-06-30'),
(4558, 9, 5, 11, NULL, 1050, 3, '2024-06-30'),
(4559, 65, 4, 1, 1, 1400, 4, '2024-07-01'),
(4560, 57, 4, 2, 2, 800, 2, '2024-07-01'),
(4561, 70, 1, 3, 3, 350, 1, '2024-07-01'),
(4562, 64, 4, 1, 1, 1400, 4, '2024-07-01'),
(4563, 29, 6, 11, NULL, 1600, 4, '2024-07-02'),
(4564, 3, 4, 3, 3, 700, 2, '2024-07-02'),
(4565, 10, 1, 10, NULL, 1500, 5, '2024-07-02'),
(4566, 13, 6, 1, 1, 1500, 5, '2024-07-02'),
(4567, 67, 3, 4, 4, 400, 1, '2024-07-02'),
(4568, 26, 4, 4, 4, 1600, 4, '2024-07-03'),
(4569, 40, 6, 3, 3, 1500, 5, '2024-07-03'),
(4570, 40, 6, 1, 1, 1200, 4, '2024-07-03'),
(4571, 21, 2, 3, 3, 1400, 4, '2024-07-03'),
(4572, 54, 5, 3, 3, 1200, 4, '2024-07-03'),
(4573, 15, 4, 3, 3, 1400, 4, '2024-07-03'),
(4574, 68, 5, 1, 1, 1050, 3, '2024-07-04'),
(4575, 46, 1, 3, 3, 400, 1, '2024-07-04'),
(4576, 69, 6, 1, 1, 1750, 5, '2024-07-04'),
(4577, 45, 3, 2, 2, 1600, 4, '2024-07-04'),
(4578, 38, 1, 12, NULL, 1400, 4, '2024-07-05'),
(4579, 28, 2, 1, 1, 400, 1, '2024-07-05'),
(4580, 68, 1, 11, NULL, 1050, 3, '2024-07-05'),
(4581, 36, 6, 9, NULL, 800, 2, '2024-07-06'),
(4582, 39, 4, 2, 2, 1400, 4, '2024-07-06'),
(4583, 66, 4, 10, NULL, 400, 1, '2024-07-06'),
(4584, 74, 3, 3, 3, 900, 3, '2024-07-06'),
(4585, 78, 2, 10, NULL, 400, 1, '2024-07-06'),
(4586, 43, 4, 3, 3, 600, 2, '2024-07-07'),
(4587, 15, 6, 11, NULL, 1050, 3, '2024-07-07'),
(4588, 16, 1, 2, 2, 1500, 5, '2024-07-07'),
(4589, 58, 3, 11, NULL, 2000, 5, '2024-07-07'),
(4590, 72, 1, 1, 1, 300, 1, '2024-07-08'),
(4591, 29, 6, 1, 1, 800, 2, '2024-07-08'),
(4592, 51, 1, 4, 4, 600, 2, '2024-07-08'),
(4593, 23, 5, 6, NULL, 2000, 5, '2024-07-08'),
(4594, 78, 4, 2, 2, 800, 2, '2024-07-08'),
(4595, 35, 1, 2, 2, 800, 2, '2024-07-08'),
(4596, 56, 3, 1, 1, 2000, 5, '2024-07-09'),
(4597, 63, 2, 12, NULL, 1050, 3, '2024-07-09'),
(4598, 75, 5, 2, 2, 300, 1, '2024-07-09'),
(4599, 47, 3, 8, NULL, 400, 1, '2024-07-09'),
(4600, 21, 2, 2, 2, 1750, 5, '2024-07-09'),
(4601, 41, 6, 1, 1, 300, 1, '2024-07-10'),
(4602, 72, 5, 4, 4, 600, 2, '2024-07-10'),
(4603, 27, 3, 2, 2, 1200, 3, '2024-07-10'),
(4604, 43, 6, 1, 1, 1500, 5, '2024-07-11'),
(4605, 50, 1, 11, NULL, 350, 1, '2024-07-11'),
(4606, 60, 3, 3, 3, 1600, 4, '2024-07-11'),
(4607, 62, 1, 10, NULL, 350, 1, '2024-07-11'),
(4608, 34, 3, 10, NULL, 400, 1, '2024-07-11'),
(4609, 72, 5, 1, 1, 600, 2, '2024-07-11'),
(4610, 63, 3, 4, 4, 350, 1, '2024-07-12'),
(4611, 4, 3, 3, 3, 1750, 5, '2024-07-12'),
(4612, 68, 6, 10, NULL, 1050, 3, '2024-07-12'),
(4613, 56, 2, 1, 1, 2000, 5, '2024-07-12'),
(4614, 38, 4, 4, 4, 1050, 3, '2024-07-13'),
(4615, 33, 5, 3, 3, 2000, 5, '2024-07-13'),
(4616, 79, 3, 10, NULL, 1600, 4, '2024-07-13'),
(4617, 60, 3, 11, NULL, 1600, 4, '2024-07-14'),
(4618, 53, 6, 2, 2, 600, 2, '2024-07-14'),
(4619, 69, 4, 11, NULL, 1050, 3, '2024-07-14'),
(4620, 2, 5, 12, NULL, 350, 1, '2024-07-14'),
(4621, 42, 5, 1, 1, 900, 3, '2024-07-14'),
(4622, 21, 2, 5, NULL, 1050, 3, '2024-07-14'),
(4623, 26, 1, 11, NULL, 1600, 4, '2024-07-14'),
(4624, 42, 2, 5, NULL, 300, 1, '2024-07-15'),
(4625, 72, 2, 11, NULL, 900, 3, '2024-07-15'),
(4626, 66, 4, 6, NULL, 1600, 4, '2024-07-15'),
(4627, 61, 5, 11, NULL, 1200, 3, '2024-07-16'),
(4628, 36, 5, 9, NULL, 2000, 5, '2024-07-16'),
(4629, 72, 4, 5, NULL, 600, 2, '2024-07-16'),
(4630, 10, 5, 5, NULL, 600, 2, '2024-07-16'),
(4631, 22, 6, 2, 2, 800, 2, '2024-07-16'),
(4632, 76, 4, 2, 2, 1200, 3, '2024-07-17'),
(4633, 58, 4, 5, NULL, 2000, 5, '2024-07-17'),
(4634, 44, 4, 9, NULL, 1200, 3, '2024-07-17'),
(4635, 63, 5, 7, NULL, 1050, 3, '2024-07-18'),
(4636, 50, 6, 2, 2, 1400, 4, '2024-07-18'),
(4637, 68, 6, 9, NULL, 700, 2, '2024-07-18'),
(4638, 73, 5, 6, NULL, 1200, 4, '2024-07-18'),
(4639, 33, 6, 7, NULL, 1200, 3, '2024-07-18'),
(4640, 24, 2, 1, 1, 1200, 3, '2024-07-18'),
(4641, 11, 5, 7, NULL, 900, 3, '2024-07-18'),
(4642, 73, 1, 10, NULL, 600, 2, '2024-07-19'),
(4643, 81, 1, 10, NULL, 800, 2, '2024-07-19'),
(4644, 49, 3, 3, 3, 350, 1, '2024-07-19'),
(4645, 38, 2, 3, 3, 700, 2, '2024-07-19'),
(4646, 23, 1, 10, NULL, 2000, 5, '2024-07-20'),
(4647, 9, 4, 3, 3, 1050, 3, '2024-07-20'),
(4648, 25, 5, 2, 2, 1600, 4, '2024-07-20');
INSERT INTO `siparisler` (`siparis_id`, `forma_id`, `beden_id`, `il_id`, `sube_id`, `fiyat`, `adet`, `tarih`) VALUES
(4649, 38, 3, 1, 1, 1750, 5, '2024-07-20'),
(4650, 43, 2, 12, NULL, 1200, 4, '2024-07-20'),
(4651, 18, 5, 11, NULL, 1500, 5, '2024-07-20'),
(4652, 42, 2, 12, NULL, 600, 2, '2024-07-21'),
(4653, 26, 2, 5, NULL, 2000, 5, '2024-07-21'),
(4654, 1, 4, 10, NULL, 1750, 5, '2024-07-21'),
(4655, 54, 4, 1, 1, 1500, 5, '2024-07-21'),
(4656, 68, 2, 3, 3, 1400, 4, '2024-07-21'),
(4657, 69, 5, 2, 2, 1750, 5, '2024-07-22'),
(4658, 37, 2, 4, 4, 800, 2, '2024-07-22'),
(4659, 22, 4, 5, NULL, 400, 1, '2024-07-22'),
(4660, 45, 5, 3, 3, 400, 1, '2024-07-22'),
(4661, 11, 6, 3, 3, 1200, 4, '2024-07-23'),
(4662, 13, 5, 2, 2, 900, 3, '2024-07-23'),
(4663, 9, 3, 1, 1, 1050, 3, '2024-07-23'),
(4664, 72, 5, 11, NULL, 600, 2, '2024-07-23'),
(4665, 29, 2, 8, NULL, 2000, 5, '2024-07-23'),
(4666, 78, 2, 4, 4, 800, 2, '2024-07-24'),
(4667, 5, 2, 11, NULL, 350, 1, '2024-07-24'),
(4668, 29, 4, 3, 3, 1600, 4, '2024-07-24'),
(4669, 26, 2, 4, 4, 1200, 3, '2024-07-24'),
(4670, 13, 2, 10, NULL, 900, 3, '2024-07-24'),
(4671, 21, 1, 6, NULL, 700, 2, '2024-07-24'),
(4672, 4, 3, 2, 2, 700, 2, '2024-07-25'),
(4673, 80, 2, 12, NULL, 1600, 4, '2024-07-25'),
(4674, 30, 4, 2, 2, 1200, 3, '2024-07-25'),
(4675, 49, 1, 5, NULL, 350, 1, '2024-07-25'),
(4676, 61, 4, 7, NULL, 800, 2, '2024-07-25'),
(4677, 69, 5, 2, 2, 350, 1, '2024-07-25'),
(4678, 30, 4, 1, 1, 1600, 4, '2024-07-26'),
(4679, 4, 6, 2, 2, 1750, 5, '2024-07-26'),
(4680, 10, 6, 4, 4, 1200, 4, '2024-07-26'),
(4681, 75, 4, 12, NULL, 300, 1, '2024-07-26'),
(4682, 49, 1, 4, 4, 350, 1, '2024-07-27'),
(4683, 27, 6, 2, 2, 1600, 4, '2024-07-27'),
(4684, 12, 2, 3, 3, 300, 1, '2024-07-27'),
(4685, 73, 3, 7, NULL, 1500, 5, '2024-07-27'),
(4686, 71, 5, 2, 2, 1400, 4, '2024-07-27'),
(4687, 11, 6, 10, NULL, 1500, 5, '2024-07-27'),
(4688, 77, 2, 7, NULL, 1200, 3, '2024-07-28'),
(4689, 38, 3, 11, NULL, 700, 2, '2024-07-28'),
(4690, 37, 1, 10, NULL, 2000, 5, '2024-07-28'),
(4691, 36, 5, 9, NULL, 400, 1, '2024-07-28'),
(4692, 24, 5, 7, NULL, 1200, 3, '2024-07-28'),
(4693, 29, 6, 5, NULL, 2000, 5, '2024-07-28'),
(4694, 70, 5, 9, NULL, 1750, 5, '2024-07-29'),
(4695, 44, 3, 2, 2, 1600, 4, '2024-07-29'),
(4696, 38, 3, 1, 1, 350, 1, '2024-07-29'),
(4697, 71, 2, 1, 1, 700, 2, '2024-07-29'),
(4698, 14, 1, 10, NULL, 700, 2, '2024-07-30'),
(4699, 31, 6, 1, 1, 400, 1, '2024-07-30'),
(4700, 15, 6, 1, 1, 700, 2, '2024-07-30'),
(4701, 41, 1, 1, 1, 1500, 5, '2024-07-30'),
(4702, 53, 5, 10, NULL, 1500, 5, '2024-07-30'),
(4703, 22, 2, 9, NULL, 2000, 5, '2024-07-30'),
(4704, 34, 5, 11, NULL, 1200, 3, '2024-07-30'),
(4705, 19, 3, 3, 3, 900, 3, '2024-07-31'),
(4706, 68, 1, 3, 3, 1750, 5, '2024-07-31'),
(4707, 27, 5, 4, 4, 1200, 3, '2024-07-31'),
(4708, 80, 2, 3, 3, 1600, 4, '2024-07-31'),
(4709, 10, 2, 10, NULL, 900, 3, '2024-08-01'),
(4710, 52, 4, 2, 2, 900, 3, '2024-08-01'),
(4711, 49, 2, 3, 3, 1400, 4, '2024-08-01'),
(4712, 48, 4, 3, 3, 2000, 5, '2024-08-01'),
(4713, 67, 2, 4, 4, 2000, 5, '2024-08-02'),
(4714, 5, 1, 10, NULL, 1750, 5, '2024-08-02'),
(4715, 71, 6, 1, 1, 700, 2, '2024-08-02'),
(4716, 79, 5, 4, 4, 400, 1, '2024-08-02'),
(4717, 4, 1, 1, 1, 700, 2, '2024-08-03'),
(4718, 34, 5, 3, 3, 1200, 3, '2024-08-03'),
(4719, 80, 2, 11, NULL, 400, 1, '2024-08-03'),
(4720, 80, 6, 8, NULL, 800, 2, '2024-08-03'),
(4721, 2, 2, 9, NULL, 1750, 5, '2024-08-03'),
(4722, 57, 2, 3, 3, 800, 2, '2024-08-03'),
(4723, 62, 6, 2, 2, 1750, 5, '2024-08-03'),
(4724, 6, 4, 1, 1, 1050, 3, '2024-08-04'),
(4725, 74, 6, 1, 1, 300, 1, '2024-08-04'),
(4726, 19, 2, 1, 1, 600, 2, '2024-08-04'),
(4727, 22, 6, 1, 1, 1600, 4, '2024-08-04'),
(4728, 58, 5, 2, 2, 800, 2, '2024-08-04'),
(4729, 5, 2, 10, NULL, 350, 1, '2024-08-04'),
(4730, 61, 2, 12, NULL, 1200, 3, '2024-08-05'),
(4731, 68, 3, 5, NULL, 1400, 4, '2024-08-05'),
(4732, 45, 5, 1, 1, 2000, 5, '2024-08-05'),
(4733, 55, 2, 3, 3, 2000, 5, '2024-08-06'),
(4734, 26, 4, 12, NULL, 800, 2, '2024-08-06'),
(4735, 46, 5, 8, NULL, 800, 2, '2024-08-06'),
(4736, 44, 5, 1, 1, 1200, 3, '2024-08-06'),
(4737, 18, 3, 1, 1, 300, 1, '2024-08-07'),
(4738, 51, 1, 4, 4, 900, 3, '2024-08-07'),
(4739, 56, 5, 12, NULL, 2000, 5, '2024-08-07'),
(4740, 13, 3, 3, 3, 600, 2, '2024-08-07'),
(4741, 30, 5, 11, NULL, 1200, 3, '2024-08-07'),
(4742, 36, 4, 5, NULL, 400, 1, '2024-08-07'),
(4743, 63, 2, 5, NULL, 1750, 5, '2024-08-08'),
(4744, 39, 1, 5, NULL, 1400, 4, '2024-08-08'),
(4745, 60, 3, 2, 2, 800, 2, '2024-08-08'),
(4746, 1, 1, 3, 3, 1750, 5, '2024-08-08'),
(4747, 46, 2, 2, 2, 1200, 3, '2024-08-08'),
(4748, 32, 5, 4, 4, 2000, 5, '2024-08-08'),
(4749, 29, 6, 1, 1, 400, 1, '2024-08-09'),
(4750, 32, 2, 1, 1, 1600, 4, '2024-08-09'),
(4751, 1, 3, 2, 2, 1400, 4, '2024-08-09'),
(4752, 31, 6, 3, 3, 400, 1, '2024-08-09'),
(4753, 55, 5, 2, 2, 2000, 5, '2024-08-09'),
(4754, 2, 4, 3, 3, 1400, 4, '2024-08-09'),
(4755, 50, 5, 1, 1, 700, 2, '2024-08-10'),
(4756, 68, 1, 4, 4, 700, 2, '2024-08-10'),
(4757, 65, 6, 5, NULL, 1050, 3, '2024-08-10'),
(4758, 15, 3, 5, NULL, 700, 2, '2024-08-11'),
(4759, 46, 2, 3, 3, 400, 1, '2024-08-11'),
(4760, 22, 1, 6, NULL, 400, 1, '2024-08-11'),
(4761, 46, 5, 1, 1, 1600, 4, '2024-08-11'),
(4762, 35, 3, 2, 2, 2000, 5, '2024-08-11'),
(4763, 16, 6, 6, NULL, 1200, 4, '2024-08-12'),
(4764, 21, 4, 1, 1, 1400, 4, '2024-08-12'),
(4765, 70, 5, 5, NULL, 1400, 4, '2024-08-12'),
(4766, 14, 1, 10, NULL, 700, 2, '2024-08-12'),
(4767, 54, 4, 8, NULL, 1500, 5, '2024-08-12'),
(4768, 51, 6, 1, 1, 900, 3, '2024-08-12'),
(4769, 47, 5, 7, NULL, 1600, 4, '2024-08-13'),
(4770, 76, 1, 4, 4, 1200, 3, '2024-08-13'),
(4771, 64, 5, 1, 1, 350, 1, '2024-08-13'),
(4772, 31, 3, 4, 4, 800, 2, '2024-08-14'),
(4773, 2, 2, 3, 3, 1400, 4, '2024-08-14'),
(4774, 47, 3, 11, NULL, 400, 1, '2024-08-14'),
(4775, 41, 4, 1, 1, 1200, 4, '2024-08-15'),
(4776, 5, 4, 10, NULL, 1750, 5, '2024-08-15'),
(4777, 47, 3, 10, NULL, 1600, 4, '2024-08-15'),
(4778, 75, 4, 11, NULL, 300, 1, '2024-08-15'),
(4779, 63, 1, 1, 1, 1400, 4, '2024-08-16'),
(4780, 21, 4, 9, NULL, 700, 2, '2024-08-16'),
(4781, 52, 6, 4, 4, 1200, 4, '2024-08-16'),
(4782, 22, 1, 1, 1, 400, 1, '2024-08-16'),
(4783, 31, 3, 3, 3, 1200, 3, '2024-08-16'),
(4784, 60, 5, 4, 4, 800, 2, '2024-08-16'),
(4785, 22, 3, 5, NULL, 400, 1, '2024-08-17'),
(4786, 76, 1, 1, 1, 800, 2, '2024-08-17'),
(4787, 26, 1, 11, NULL, 800, 2, '2024-08-18'),
(4788, 36, 5, 2, 2, 1200, 3, '2024-08-18'),
(4789, 6, 6, 9, NULL, 1400, 4, '2024-08-18'),
(4790, 32, 4, 1, 1, 1600, 4, '2024-08-18'),
(4791, 63, 3, 5, NULL, 1050, 3, '2024-08-18'),
(4792, 2, 4, 1, 1, 700, 2, '2024-08-19'),
(4793, 24, 6, 6, NULL, 1200, 3, '2024-08-19'),
(4794, 70, 2, 4, 4, 1400, 4, '2024-08-19'),
(4795, 65, 4, 3, 3, 350, 1, '2024-08-19'),
(4796, 1, 6, 1, 1, 700, 2, '2024-08-19'),
(4797, 67, 6, 4, 4, 400, 1, '2024-08-19'),
(4798, 43, 3, 11, NULL, 600, 2, '2024-08-20'),
(4799, 9, 1, 3, 3, 700, 2, '2024-08-20'),
(4800, 54, 4, 7, NULL, 1200, 4, '2024-08-20'),
(4801, 81, 6, 5, NULL, 2000, 5, '2024-08-20'),
(4802, 67, 5, 3, 3, 400, 1, '2024-08-20'),
(4803, 48, 4, 2, 2, 800, 2, '2024-08-20'),
(4804, 60, 6, 1, 1, 2000, 5, '2024-08-21'),
(4805, 52, 6, 2, 2, 1200, 4, '2024-08-21'),
(4806, 78, 3, 3, 3, 800, 2, '2024-08-21'),
(4807, 50, 6, 3, 3, 1750, 5, '2024-08-21'),
(4808, 45, 1, 10, NULL, 1200, 3, '2024-08-21'),
(4809, 57, 3, 2, 2, 800, 2, '2024-08-22'),
(4810, 25, 2, 1, 1, 1600, 4, '2024-08-22'),
(4811, 28, 4, 2, 2, 800, 2, '2024-08-22'),
(4812, 22, 3, 4, 4, 400, 1, '2024-08-22'),
(4813, 44, 3, 7, NULL, 2000, 5, '2024-08-23'),
(4814, 63, 2, 11, NULL, 700, 2, '2024-08-23'),
(4815, 58, 3, 4, 4, 1200, 3, '2024-08-23'),
(4816, 76, 2, 10, NULL, 400, 1, '2024-08-23'),
(4817, 24, 3, 11, NULL, 800, 2, '2024-08-23'),
(4818, 22, 1, 2, 2, 400, 1, '2024-08-24'),
(4819, 14, 1, 3, 3, 1750, 5, '2024-08-24'),
(4820, 58, 5, 2, 2, 1600, 4, '2024-08-24'),
(4821, 74, 1, 11, NULL, 600, 2, '2024-08-24'),
(4822, 50, 4, 10, NULL, 350, 1, '2024-08-24'),
(4823, 72, 2, 7, NULL, 600, 2, '2024-08-24'),
(4824, 28, 4, 9, NULL, 800, 2, '2024-08-25'),
(4825, 46, 5, 9, NULL, 400, 1, '2024-08-25'),
(4826, 52, 1, 2, 2, 300, 1, '2024-08-25'),
(4827, 78, 5, 10, NULL, 400, 1, '2024-08-26'),
(4828, 45, 5, 3, 3, 800, 2, '2024-08-26'),
(4829, 6, 3, 7, NULL, 1400, 4, '2024-08-26'),
(4830, 33, 1, 1, 1, 1200, 3, '2024-08-27'),
(4831, 19, 2, 2, 2, 900, 3, '2024-08-27'),
(4832, 72, 1, 10, NULL, 900, 3, '2024-08-27'),
(4833, 69, 1, 2, 2, 700, 2, '2024-08-27'),
(4834, 75, 5, 3, 3, 600, 2, '2024-08-27'),
(4835, 26, 1, 6, NULL, 1200, 3, '2024-08-27'),
(4836, 67, 2, 4, 4, 400, 1, '2024-08-27'),
(4837, 35, 6, 1, 1, 2000, 5, '2024-08-28'),
(4838, 45, 6, 10, NULL, 400, 1, '2024-08-28'),
(4839, 54, 1, 10, NULL, 300, 1, '2024-08-28'),
(4840, 57, 1, 10, NULL, 400, 1, '2024-08-28'),
(4841, 50, 5, 1, 1, 1400, 4, '2024-08-29'),
(4842, 20, 4, 10, NULL, 1050, 3, '2024-08-29'),
(4843, 71, 1, 2, 2, 1050, 3, '2024-08-29'),
(4844, 4, 1, 5, NULL, 1400, 4, '2024-08-30'),
(4845, 67, 1, 4, 4, 800, 2, '2024-08-30'),
(4846, 21, 4, 1, 1, 1750, 5, '2024-08-30'),
(4847, 2, 5, 10, NULL, 1400, 4, '2024-08-30'),
(4848, 29, 1, 4, 4, 1600, 4, '2024-08-30'),
(4849, 41, 3, 3, 3, 900, 3, '2024-08-31'),
(4850, 18, 2, 4, 4, 1200, 4, '2024-08-31'),
(4851, 15, 5, 12, NULL, 1050, 3, '2024-08-31'),
(4852, 54, 5, 11, NULL, 600, 2, '2024-09-01'),
(4853, 70, 3, 1, 1, 350, 1, '2024-09-01'),
(4854, 52, 5, 10, NULL, 300, 1, '2024-09-01'),
(4855, 60, 2, 7, NULL, 1200, 3, '2024-09-01'),
(4856, 66, 5, 1, 1, 1200, 3, '2024-09-02'),
(4857, 35, 4, 1, 1, 400, 1, '2024-09-02'),
(4858, 33, 2, 9, NULL, 400, 1, '2024-09-02'),
(4859, 64, 2, 4, 4, 1750, 5, '2024-09-02'),
(4860, 54, 4, 3, 3, 300, 1, '2024-09-03'),
(4861, 10, 2, 10, NULL, 600, 2, '2024-09-03'),
(4862, 18, 2, 10, NULL, 600, 2, '2024-09-03'),
(4863, 49, 5, 3, 3, 350, 1, '2024-09-03'),
(4864, 4, 1, 10, NULL, 350, 1, '2024-09-04'),
(4865, 28, 4, 1, 1, 1200, 3, '2024-09-04'),
(4866, 24, 1, 3, 3, 400, 1, '2024-09-04'),
(4867, 22, 5, 4, 4, 800, 2, '2024-09-04'),
(4868, 28, 3, 11, NULL, 2000, 5, '2024-09-04'),
(4869, 26, 4, 4, 4, 1600, 4, '2024-09-04'),
(4870, 74, 4, 11, NULL, 1500, 5, '2024-09-05'),
(4871, 74, 6, 1, 1, 300, 1, '2024-09-05'),
(4872, 53, 2, 3, 3, 1200, 4, '2024-09-05'),
(4873, 79, 2, 1, 1, 400, 1, '2024-09-05'),
(4874, 63, 3, 5, NULL, 700, 2, '2024-09-05'),
(4875, 33, 6, 3, 3, 400, 1, '2024-09-05'),
(4876, 10, 3, 4, 4, 1500, 5, '2024-09-06'),
(4877, 80, 3, 3, 3, 800, 2, '2024-09-06'),
(4878, 12, 5, 3, 3, 1500, 5, '2024-09-06'),
(4879, 52, 6, 5, NULL, 1200, 4, '2024-09-06'),
(4880, 46, 5, 6, NULL, 800, 2, '2024-09-06'),
(4881, 62, 6, 3, 3, 1400, 4, '2024-09-06'),
(4882, 25, 5, 11, NULL, 800, 2, '2024-09-07'),
(4883, 61, 5, 1, 1, 2000, 5, '2024-09-07'),
(4884, 24, 2, 7, NULL, 1600, 4, '2024-09-08'),
(4885, 18, 3, 10, NULL, 1200, 4, '2024-09-08'),
(4886, 53, 3, 3, 3, 1500, 5, '2024-09-08'),
(4887, 81, 6, 2, 2, 2000, 5, '2024-09-09'),
(4888, 7, 6, 2, 2, 350, 1, '2024-09-09'),
(4889, 53, 1, 11, NULL, 600, 2, '2024-09-09'),
(4890, 62, 2, 4, 4, 350, 1, '2024-09-09'),
(4891, 64, 5, 10, NULL, 1050, 3, '2024-09-09'),
(4892, 61, 1, 3, 3, 800, 2, '2024-09-09'),
(4893, 54, 2, 7, NULL, 600, 2, '2024-09-10'),
(4894, 21, 5, 1, 1, 1750, 5, '2024-09-10'),
(4895, 20, 6, 10, NULL, 1400, 4, '2024-09-10'),
(4896, 15, 3, 2, 2, 350, 1, '2024-09-10'),
(4897, 25, 6, 9, NULL, 800, 2, '2024-09-10'),
(4898, 58, 1, 1, 1, 800, 2, '2024-09-11'),
(4899, 69, 2, 5, NULL, 1750, 5, '2024-09-11'),
(4900, 27, 6, 6, NULL, 1200, 3, '2024-09-11'),
(4901, 26, 2, 3, 3, 800, 2, '2024-09-11'),
(4902, 31, 4, 1, 1, 1600, 4, '2024-09-11'),
(4903, 42, 6, 1, 1, 600, 2, '2024-09-12'),
(4904, 57, 5, 4, 4, 1200, 3, '2024-09-12'),
(4905, 42, 5, 3, 3, 300, 1, '2024-09-12'),
(4906, 11, 6, 7, NULL, 600, 2, '2024-09-12'),
(4907, 51, 4, 2, 2, 600, 2, '2024-09-12'),
(4908, 12, 5, 5, NULL, 900, 3, '2024-09-12'),
(4909, 38, 6, 7, NULL, 350, 1, '2024-09-13'),
(4910, 54, 4, 1, 1, 300, 1, '2024-09-13'),
(4911, 31, 5, 3, 3, 800, 2, '2024-09-13'),
(4912, 40, 3, 5, NULL, 1200, 4, '2024-09-14'),
(4913, 50, 3, 11, NULL, 1750, 5, '2024-09-14'),
(4914, 16, 5, 5, NULL, 300, 1, '2024-09-14'),
(4915, 26, 2, 10, NULL, 400, 1, '2024-09-14'),
(4916, 26, 2, 5, NULL, 2000, 5, '2024-09-14'),
(4917, 18, 3, 7, NULL, 300, 1, '2024-09-14'),
(4918, 67, 5, 1, 1, 800, 2, '2024-09-15'),
(4919, 68, 4, 5, NULL, 700, 2, '2024-09-15'),
(4920, 20, 4, 5, NULL, 1750, 5, '2024-09-15'),
(4921, 12, 5, 11, NULL, 900, 3, '2024-09-15'),
(4922, 2, 5, 2, 2, 1400, 4, '2024-09-15'),
(4923, 15, 2, 3, 3, 1400, 4, '2024-09-15'),
(4924, 16, 6, 4, 4, 600, 2, '2024-09-16'),
(4925, 76, 3, 11, NULL, 400, 1, '2024-09-16'),
(4926, 65, 1, 11, NULL, 700, 2, '2024-09-16'),
(4927, 25, 2, 2, 2, 1200, 3, '2024-09-16'),
(4928, 56, 4, 6, NULL, 400, 1, '2024-09-16'),
(4929, 81, 4, 12, NULL, 2000, 5, '2024-09-16'),
(4930, 25, 3, 3, 3, 1600, 4, '2024-09-17'),
(4931, 61, 4, 12, NULL, 2000, 5, '2024-09-17'),
(4932, 56, 3, 12, NULL, 1200, 3, '2024-09-17'),
(4933, 15, 5, 2, 2, 1750, 5, '2024-09-18'),
(4934, 38, 5, 1, 1, 350, 1, '2024-09-18'),
(4935, 38, 5, 2, 2, 350, 1, '2024-09-18'),
(4936, 33, 3, 2, 2, 800, 2, '2024-09-18'),
(4937, 58, 5, 7, NULL, 1600, 4, '2024-09-18'),
(4938, 38, 3, 4, 4, 350, 1, '2024-09-19'),
(4939, 26, 5, 7, NULL, 800, 2, '2024-09-19'),
(4940, 7, 3, 10, NULL, 1750, 5, '2024-09-19'),
(4941, 54, 2, 11, NULL, 600, 2, '2024-09-19'),
(4942, 65, 4, 1, 1, 700, 2, '2024-09-20'),
(4943, 74, 4, 3, 3, 300, 1, '2024-09-20'),
(4944, 78, 2, 5, NULL, 2000, 5, '2024-09-20'),
(4945, 16, 1, 7, NULL, 600, 2, '2024-09-20'),
(4946, 48, 4, 10, NULL, 1200, 3, '2024-09-21'),
(4947, 15, 2, 9, NULL, 1750, 5, '2024-09-21'),
(4948, 22, 4, 4, 4, 1200, 3, '2024-09-21'),
(4949, 28, 4, 3, 3, 400, 1, '2024-09-21'),
(4950, 36, 6, 4, 4, 800, 2, '2024-09-22'),
(4951, 21, 4, 12, NULL, 1750, 5, '2024-09-22'),
(4952, 27, 5, 3, 3, 1200, 3, '2024-09-22'),
(4953, 20, 5, 3, 3, 1050, 3, '2024-09-22'),
(4954, 68, 5, 1, 1, 1750, 5, '2024-09-23'),
(4955, 73, 3, 11, NULL, 300, 1, '2024-09-23'),
(4956, 33, 3, 1, 1, 400, 1, '2024-09-23'),
(4957, 42, 1, 10, NULL, 600, 2, '2024-09-24'),
(4958, 30, 5, 11, NULL, 800, 2, '2024-09-24'),
(4959, 81, 3, 5, NULL, 2000, 5, '2024-09-24'),
(4960, 27, 2, 12, NULL, 1200, 3, '2024-09-24'),
(4961, 3, 3, 4, 4, 1750, 5, '2024-09-24'),
(4962, 27, 3, 7, NULL, 400, 1, '2024-09-25'),
(4963, 33, 6, 3, 3, 800, 2, '2024-09-25'),
(4964, 22, 4, 11, NULL, 800, 2, '2024-09-25'),
(4965, 80, 6, 1, 1, 1600, 4, '2024-09-25'),
(4966, 11, 6, 6, NULL, 600, 2, '2024-09-25'),
(4967, 81, 2, 3, 3, 2000, 5, '2024-09-25'),
(4968, 2, 3, 1, 1, 1750, 5, '2024-09-26'),
(4969, 10, 5, 1, 1, 1500, 5, '2024-09-26'),
(4970, 41, 3, 1, 1, 900, 3, '2024-09-26'),
(4971, 35, 1, 1, 1, 400, 1, '2024-09-26'),
(4972, 26, 5, 7, NULL, 2000, 5, '2024-09-27'),
(4973, 43, 6, 2, 2, 900, 3, '2024-09-27'),
(4974, 56, 6, 11, NULL, 400, 1, '2024-09-27'),
(4975, 3, 5, 3, 3, 700, 2, '2024-09-27'),
(4976, 21, 5, 2, 2, 350, 1, '2024-09-27'),
(4977, 68, 5, 11, NULL, 1050, 3, '2024-09-28'),
(4978, 39, 6, 4, 4, 1750, 5, '2024-09-28'),
(4979, 44, 2, 2, 2, 1200, 3, '2024-09-28'),
(4980, 72, 3, 4, 4, 900, 3, '2024-09-28'),
(4981, 27, 2, 2, 2, 400, 1, '2024-09-28'),
(4982, 4, 4, 2, 2, 700, 2, '2024-09-28'),
(4983, 31, 3, 9, NULL, 2000, 5, '2024-09-29'),
(4984, 48, 1, 4, 4, 400, 1, '2024-09-29'),
(4985, 58, 6, 3, 3, 1600, 4, '2024-09-29'),
(4986, 26, 4, 2, 2, 1600, 4, '2024-09-30'),
(4987, 13, 5, 1, 1, 600, 2, '2024-09-30'),
(4988, 11, 5, 6, NULL, 900, 3, '2024-09-30'),
(4989, 49, 5, 2, 2, 1400, 4, '2024-09-30'),
(4990, 56, 1, 11, NULL, 1600, 4, '2024-10-01'),
(4991, 35, 4, 7, NULL, 400, 1, '2024-10-01'),
(4992, 30, 4, 4, 4, 2000, 5, '2024-10-01'),
(4993, 14, 2, 1, 1, 350, 1, '2024-10-01'),
(4994, 45, 2, 6, NULL, 2000, 5, '2024-10-01'),
(4995, 62, 1, 3, 3, 350, 1, '2024-10-01'),
(4996, 67, 6, 2, 2, 400, 1, '2024-10-02'),
(4997, 17, 3, 5, NULL, 600, 2, '2024-10-02'),
(4998, 74, 6, 5, NULL, 1200, 4, '2024-10-03'),
(4999, 22, 2, 4, 4, 400, 1, '2024-10-03'),
(5000, 29, 6, 1, 1, 2000, 5, '2024-10-03'),
(5001, 6, 1, 7, NULL, 1750, 5, '2024-10-03'),
(5002, 54, 5, 3, 3, 600, 2, '2024-10-03'),
(5003, 11, 6, 10, NULL, 900, 3, '2024-10-04'),
(5004, 76, 1, 1, 1, 1600, 4, '2024-10-04'),
(5005, 6, 5, 3, 3, 1400, 4, '2024-10-04'),
(5006, 18, 6, 2, 2, 300, 1, '2024-10-04'),
(5007, 45, 3, 1, 1, 2000, 5, '2024-10-04'),
(5008, 39, 4, 5, NULL, 1400, 4, '2024-10-04'),
(5009, 39, 2, 5, NULL, 700, 2, '2024-10-04'),
(5010, 9, 5, 3, 3, 1400, 4, '2024-10-05'),
(5011, 66, 4, 9, NULL, 1600, 4, '2024-10-05'),
(5012, 1, 1, 2, 2, 1400, 4, '2024-10-05'),
(5013, 18, 6, 1, 1, 600, 2, '2024-10-05'),
(5014, 64, 3, 11, NULL, 1750, 5, '2024-10-05'),
(5015, 51, 1, 11, NULL, 1200, 4, '2024-10-06'),
(5016, 67, 6, 2, 2, 1600, 4, '2024-10-06'),
(5017, 22, 3, 3, 3, 1600, 4, '2024-10-06'),
(5018, 25, 5, 3, 3, 400, 1, '2024-10-06'),
(5019, 38, 4, 7, NULL, 350, 1, '2024-10-06'),
(5020, 66, 6, 11, NULL, 400, 1, '2024-10-06'),
(5021, 11, 1, 4, 4, 1200, 4, '2024-10-07'),
(5022, 35, 3, 3, 3, 400, 1, '2024-10-07'),
(5023, 8, 4, 1, 1, 700, 2, '2024-10-07'),
(5024, 18, 6, 10, NULL, 900, 3, '2024-10-07'),
(5025, 32, 4, 6, NULL, 400, 1, '2024-10-07'),
(5026, 32, 5, 3, 3, 1200, 3, '2024-10-07'),
(5027, 35, 1, 2, 2, 400, 1, '2024-10-07'),
(5028, 60, 5, 3, 3, 2000, 5, '2024-10-08'),
(5029, 12, 1, 2, 2, 300, 1, '2024-10-08'),
(5030, 16, 3, 3, 3, 900, 3, '2024-10-08'),
(5031, 56, 2, 10, NULL, 1600, 4, '2024-10-08'),
(5032, 53, 6, 11, NULL, 600, 2, '2024-10-09'),
(5033, 41, 1, 4, 4, 1500, 5, '2024-10-09'),
(5034, 59, 4, 6, NULL, 1600, 4, '2024-10-09'),
(5035, 79, 4, 10, NULL, 1600, 4, '2024-10-09'),
(5036, 67, 6, 2, 2, 1600, 4, '2024-10-09'),
(5037, 49, 2, 5, NULL, 350, 1, '2024-10-10'),
(5038, 71, 2, 3, 3, 1400, 4, '2024-10-10'),
(5039, 22, 4, 5, NULL, 1600, 4, '2024-10-10'),
(5040, 9, 4, 12, NULL, 700, 2, '2024-10-10'),
(5041, 73, 2, 2, 2, 1200, 4, '2024-10-10'),
(5042, 25, 3, 4, 4, 2000, 5, '2024-10-11'),
(5043, 63, 6, 7, NULL, 1750, 5, '2024-10-11'),
(5044, 58, 2, 6, NULL, 400, 1, '2024-10-11'),
(5045, 45, 6, 1, 1, 2000, 5, '2024-10-12'),
(5046, 47, 4, 1, 1, 400, 1, '2024-10-12'),
(5047, 5, 1, 4, 4, 700, 2, '2024-10-12'),
(5048, 35, 4, 5, NULL, 1600, 4, '2024-10-12'),
(5049, 49, 4, 8, NULL, 1400, 4, '2024-10-13'),
(5050, 46, 2, 3, 3, 1600, 4, '2024-10-13'),
(5051, 23, 4, 1, 1, 2000, 5, '2024-10-13'),
(5052, 24, 1, 8, NULL, 800, 2, '2024-10-13'),
(5053, 60, 5, 7, NULL, 400, 1, '2024-10-13'),
(5054, 55, 1, 4, 4, 2000, 5, '2024-10-13'),
(5055, 49, 5, 7, NULL, 700, 2, '2024-10-14'),
(5056, 14, 2, 5, NULL, 1050, 3, '2024-10-14'),
(5057, 72, 4, 11, NULL, 900, 3, '2024-10-14'),
(5058, 71, 4, 11, NULL, 350, 1, '2024-10-14'),
(5059, 11, 6, 1, 1, 900, 3, '2024-10-15'),
(5060, 10, 3, 3, 3, 1200, 4, '2024-10-15'),
(5061, 74, 2, 10, NULL, 900, 3, '2024-10-15'),
(5062, 53, 1, 4, 4, 900, 3, '2024-10-15'),
(5063, 2, 1, 1, 1, 1050, 3, '2024-10-16'),
(5064, 40, 5, 7, NULL, 1200, 4, '2024-10-16'),
(5065, 25, 2, 4, 4, 400, 1, '2024-10-16'),
(5066, 43, 1, 7, NULL, 600, 2, '2024-10-17'),
(5067, 53, 3, 11, NULL, 1200, 4, '2024-10-17'),
(5068, 28, 2, 2, 2, 2000, 5, '2024-10-17'),
(5069, 23, 2, 1, 1, 2000, 5, '2024-10-17'),
(5070, 3, 2, 2, 2, 1750, 5, '2024-10-17'),
(5071, 30, 6, 5, NULL, 1600, 4, '2024-10-17'),
(5072, 50, 5, 5, NULL, 1050, 3, '2024-10-18'),
(5073, 37, 2, 2, 2, 1600, 4, '2024-10-18'),
(5074, 26, 2, 11, NULL, 2000, 5, '2024-10-18'),
(5075, 40, 2, 7, NULL, 300, 1, '2024-10-18'),
(5076, 5, 2, 1, 1, 1400, 4, '2024-10-19'),
(5077, 6, 6, 2, 2, 1750, 5, '2024-10-19'),
(5078, 43, 6, 4, 4, 600, 2, '2024-10-19'),
(5079, 22, 3, 3, 3, 400, 1, '2024-10-19'),
(5080, 37, 1, 4, 4, 1600, 4, '2024-10-19'),
(5081, 6, 2, 3, 3, 700, 2, '2024-10-19'),
(5082, 23, 6, 11, NULL, 1600, 4, '2024-10-20'),
(5083, 10, 3, 11, NULL, 300, 1, '2024-10-20'),
(5084, 48, 3, 11, NULL, 2000, 5, '2024-10-20'),
(5085, 70, 1, 6, NULL, 1400, 4, '2024-10-20'),
(5086, 67, 2, 5, NULL, 2000, 5, '2024-10-20'),
(5087, 75, 4, 1, 1, 300, 1, '2024-10-20'),
(5088, 57, 2, 6, NULL, 1200, 3, '2024-10-21'),
(5089, 45, 4, 7, NULL, 1600, 4, '2024-10-21'),
(5090, 32, 4, 6, NULL, 400, 1, '2024-10-21'),
(5091, 54, 3, 3, 3, 300, 1, '2024-10-21'),
(5092, 50, 6, 7, NULL, 1750, 5, '2024-10-21'),
(5093, 36, 5, 1, 1, 400, 1, '2024-10-22'),
(5094, 43, 4, 4, 4, 300, 1, '2024-10-22'),
(5095, 61, 3, 10, NULL, 800, 2, '2024-10-22'),
(5096, 25, 2, 4, 4, 400, 1, '2024-10-23'),
(5097, 10, 2, 2, 2, 600, 2, '2024-10-23'),
(5098, 46, 3, 2, 2, 400, 1, '2024-10-23'),
(5099, 52, 3, 1, 1, 900, 3, '2024-10-23'),
(5100, 80, 1, 3, 3, 800, 2, '2024-10-24'),
(5101, 64, 4, 11, NULL, 350, 1, '2024-10-24'),
(5102, 81, 4, 11, NULL, 1600, 4, '2024-10-24'),
(5103, 16, 1, 6, NULL, 600, 2, '2024-10-24'),
(5104, 43, 4, 5, NULL, 300, 1, '2024-10-25'),
(5105, 59, 5, 12, NULL, 2000, 5, '2024-10-25'),
(5106, 11, 4, 12, NULL, 1200, 4, '2024-10-25'),
(5107, 72, 6, 3, 3, 600, 2, '2024-10-25'),
(5108, 57, 6, 11, NULL, 2000, 5, '2024-10-25'),
(5109, 18, 3, 9, NULL, 1500, 5, '2024-10-26'),
(5110, 10, 4, 6, NULL, 600, 2, '2024-10-26'),
(5111, 8, 2, 1, 1, 700, 2, '2024-10-26'),
(5112, 61, 4, 1, 1, 800, 2, '2024-10-26'),
(5113, 44, 2, 3, 3, 2000, 5, '2024-10-27'),
(5114, 14, 2, 10, NULL, 1750, 5, '2024-10-27'),
(5115, 8, 2, 11, NULL, 1750, 5, '2024-10-27'),
(5116, 52, 1, 3, 3, 600, 2, '2024-10-27'),
(5117, 52, 2, 4, 4, 900, 3, '2024-10-28'),
(5118, 10, 6, 10, NULL, 1200, 4, '2024-10-28'),
(5119, 9, 4, 4, 4, 1750, 5, '2024-10-28'),
(5120, 51, 6, 8, NULL, 1200, 4, '2024-10-28'),
(5121, 24, 1, 4, 4, 400, 1, '2024-10-28'),
(5122, 58, 4, 9, NULL, 1600, 4, '2024-10-28'),
(5123, 76, 6, 10, NULL, 1200, 3, '2024-10-28'),
(5124, 28, 6, 2, 2, 400, 1, '2024-10-29'),
(5125, 35, 4, 6, NULL, 2000, 5, '2024-10-29'),
(5126, 41, 5, 9, NULL, 300, 1, '2024-10-29'),
(5127, 72, 6, 10, NULL, 900, 3, '2024-10-29'),
(5128, 52, 3, 3, 3, 900, 3, '2024-10-29'),
(5129, 13, 2, 11, NULL, 600, 2, '2024-10-29'),
(5130, 48, 6, 1, 1, 1600, 4, '2024-10-29'),
(5131, 81, 1, 9, NULL, 2000, 5, '2024-10-30'),
(5132, 24, 4, 10, NULL, 400, 1, '2024-10-30'),
(5133, 15, 3, 8, NULL, 1050, 3, '2024-10-30'),
(5134, 17, 4, 6, NULL, 1500, 5, '2024-10-30'),
(5135, 1, 6, 4, 4, 1750, 5, '2024-10-30'),
(5136, 46, 3, 10, NULL, 1200, 3, '2024-10-30');

-- --------------------------------------------------------

--
-- Tablo için tablo yapısı `sube`
--

DROP TABLE IF EXISTS `sube`;
CREATE TABLE IF NOT EXISTS `sube` (
  `sube_id` int NOT NULL AUTO_INCREMENT,
  `sube_ad` varchar(255) COLLATE utf8mb4_turkish_ci NOT NULL,
  `il_id` int NOT NULL,
  PRIMARY KEY (`sube_id`),
  KEY `il_id` (`il_id`)
) ENGINE=InnoDB AUTO_INCREMENT=17 DEFAULT CHARSET=utf8mb4 COLLATE=utf8mb4_turkish_ci;

--
-- Tablo döküm verisi `sube`
--

INSERT INTO `sube` (`sube_id`, `sube_ad`, `il_id`) VALUES
(1, 'İstanbul Şubesi', 1),
(2, 'İzmir Şubesi', 2),
(3, 'Ankara Şubesi', 3),
(4, 'Antalya Şubesi', 4);

-- --------------------------------------------------------

--
-- Tablo için tablo yapısı `takimlar`
--

DROP TABLE IF EXISTS `takimlar`;
CREATE TABLE IF NOT EXISTS `takimlar` (
  `takim_id` int NOT NULL AUTO_INCREMENT,
  `takim_ad` varchar(255) CHARACTER SET utf8mb4 COLLATE utf8mb4_turkish_ci NOT NULL,
  PRIMARY KEY (`takim_id`)
) ENGINE=InnoDB AUTO_INCREMENT=41 DEFAULT CHARSET=utf8mb4 COLLATE=utf8mb4_turkish_ci;

--
-- Tablo döküm verisi `takimlar`
--

INSERT INTO `takimlar` (`takim_id`, `takim_ad`) VALUES
(1, 'Beşiktaş'),
(2, 'Galatasaray'),
(3, 'Fenerbahçe'),
(4, 'Bursaspor'),
(5, 'Antalyaspor'),
(6, 'Samsunspor'),
(7, 'Göztepe'),
(8, 'Kocaelispor'),
(9, 'Trabzonspor'),
(10, 'Manchester United'),
(11, 'Liverpool'),
(12, 'Chelsea'),
(13, 'Arsenal'),
(14, 'Tottenham Hotspur FC'),
(15, 'Manchester City'),
(16, 'Real Madrid'),
(17, 'Barcelona'),
(18, 'Atletico Madrid'),
(19, 'Sevilla'),
(20, 'Valencia'),
(21, 'Bayern Munich'),
(22, 'Borussia Dortmund'),
(23, 'RB Leipzig'),
(24, 'Borussia MGladbach'),
(25, 'Wolfsburg'),
(26, 'Juventus'),
(27, 'Inter Milan'),
(28, 'AC Milan'),
(29, 'AS Roma'),
(30, 'Napoli'),
(31, 'Paris Saint Germain'),
(32, 'Olympique Lyonnais'),
(33, 'Olympique Marseille'),
(34, 'Monaco'),
(35, 'Lille'),
(36, 'FC Porto'),
(37, 'Benfica'),
(38, 'Ajax Amsterdam');

--
-- Dökümü yapılmış tablolar için kısıtlamalar
--

--
-- Tablo kısıtlamaları `formalar`
--
ALTER TABLE `formalar`
  ADD CONSTRAINT `formalar_ibfk_1` FOREIGN KEY (`takim_id`) REFERENCES `takimlar` (`takim_id`) ON DELETE CASCADE ON UPDATE CASCADE,
  ADD CONSTRAINT `formalar_ibfk_2` FOREIGN KEY (`forma_tur_id`) REFERENCES `forma_tur` (`forma_tur_id`) ON DELETE CASCADE ON UPDATE CASCADE;

--
-- Tablo kısıtlamaları `siparisler`
--
ALTER TABLE `siparisler`
  ADD CONSTRAINT `siparisler_ibfk_1` FOREIGN KEY (`forma_id`) REFERENCES `formalar` (`forma_id`) ON DELETE CASCADE ON UPDATE CASCADE,
  ADD CONSTRAINT `siparisler_ibfk_3` FOREIGN KEY (`beden_id`) REFERENCES `bedenler` (`beden_id`) ON DELETE CASCADE ON UPDATE CASCADE,
  ADD CONSTRAINT `siparisler_ibfk_4` FOREIGN KEY (`sube_id`) REFERENCES `sube` (`sube_id`) ON DELETE CASCADE ON UPDATE CASCADE,
  ADD CONSTRAINT `siparisler_ibfk_5` FOREIGN KEY (`il_id`) REFERENCES `iller` (`il_id`) ON DELETE CASCADE ON UPDATE CASCADE;

--
-- Tablo kısıtlamaları `sube`
--
ALTER TABLE `sube`
  ADD CONSTRAINT `sube_ibfk_1` FOREIGN KEY (`il_id`) REFERENCES `iller` (`il_id`) ON DELETE CASCADE ON UPDATE CASCADE;
COMMIT;

/*!40101 SET CHARACTER_SET_CLIENT=@OLD_CHARACTER_SET_CLIENT */;
/*!40101 SET CHARACTER_SET_RESULTS=@OLD_CHARACTER_SET_RESULTS */;
/*!40101 SET COLLATION_CONNECTION=@OLD_COLLATION_CONNECTION */;
